timestamp,ax0,ay0,az0,gx0,gy0,gz0,ax1,ay1,az1,gx1,gy1,gz1,ax2,ay2,az2,gx2,gy2,gz2,ax3,ay3,az3,gx3,gy3,gz3
2026-05-01 17:53:28.908,-5.20,7.14,-4.77,-0.10,-0.06,0.05,-6.16,7.21,-2.71,-0.03,-0.02,0.07,-8.82,0.61,4.73,0.27,0.06,-0.01,-8.58,-0.02,4.06,0.02,0.07,-0.05
2026-05-01 17:53:29.412,-4.81,6.81,-4.51,-0.12,-0.08,0.07,-5.96,6.53,-2.87,-0.03,-0.02,0.12,-8.77,1.04,4.29,0.25,0.10,0.08,-8.93,0.06,3.21,-0.02,0.17,-0.02
2026-05-01 17:53:29.680,-4.82,6.80,-4.56,-0.08,-0.29,0.23,-5.80,6.42,-3.12,0.05,-0.21,0.30,-8.67,1.84,3.73,0.74,0.07,-0.09,-9.11,0.57,1.45,0.70,0.18,-0.17
2026-05-01 17:53:29.925,-4.75,7.65,-4.46,-0.21,-0.07,-0.22,-5.42,8.02,-2.86,-0.19,0.04,-0.09,-8.58,1.72,3.49,0.36,-0.12,-0.05,-8.95,0.50,1.41,0.17,-0.03,0.10
2026-05-01 17:53:30.209,-5.92,8.24,-2.78,-1.29,-0.25,-0.16,-5.47,8.18,-0.89,-0.67,-0.09,0.37,-8.94,1.89,3.96,0.40,0.14,-0.26,-9.26,0.57,1.89,0.39,-0.12,-0.26
2026-05-01 17:53:30.516,-6.51,4.77,-0.53,-1.77,-0.72,-1.25,-5.49,6.28,-0.66,-0.92,-0.75,0.01,-9.54,2.26,4.81,0.95,0.07,0.02,-10.25,2.32,1.49,0.97,0.36,-0.19
2026-05-01 17:53:30.816,-7.43,7.47,0.21,1.57,-0.79,-0.62,-5.98,8.17,-0.10,1.08,-1.24,-0.75,-8.38,1.38,3.34,-0.20,-0.20,0.09,-8.48,-0.24,1.48,-0.58,-0.15,0.33
2026-05-01 17:53:31.009,-8.52,4.81,0.35,-0.42,0.05,-0.31,-7.50,5.67,1.39,-0.67,0.17,-0.14,-8.81,2.07,3.94,-0.43,0.29,0.01,-9.35,0.95,0.56,-0.79,-0.05,-0.14
2026-05-01 17:53:31.227,-8.52,3.96,0.15,-0.67,0.08,0.34,-7.48,5.77,1.60,-0.47,0.34,0.43,-8.89,1.62,4.12,-0.18,0.07,0.07,-9.33,0.78,1.64,-0.48,-0.02,0.04
2026-05-01 17:53:31.364,-8.42,3.48,0.12,-0.29,0.06,0.37,-7.27,5.69,1.77,-0.06,0.19,0.31,-8.76,1.62,3.87,0.19,-0.06,-0.03,-9.10,0.58,1.21,-0.02,-0.05,0.06
2026-05-01 17:53:31.640,-8.38,3.73,0.70,-0.13,0.07,-0.27,-7.14,6.10,2.02,-0.11,0.05,-0.18,-8.84,1.57,3.66,0.23,0.03,0.03,-9.18,0.46,1.50,-0.06,0.03,0.00
2026-05-01 17:53:32.045,-8.57,4.34,0.41,0.12,-0.11,-0.27,-7.32,6.22,1.73,-0.00,-0.19,-0.18,-8.77,1.72,3.83,0.28,0.02,0.02,-9.15,0.63,1.21,-0.00,0.04,0.00
2026-05-01 17:53:32.333,-8.64,4.22,0.35,-0.15,0.00,0.03,-7.35,6.25,1.68,-0.08,0.07,0.05,-8.88,1.83,3.66,0.27,0.06,-0.03,-9.15,0.44,1.07,0.05,0.02,-0.06
2026-05-01 17:53:32.409,-8.47,3.96,0.35,-0.33,0.01,-0.03,-7.27,6.06,1.71,-0.29,0.10,0.06,-8.76,1.67,3.59,0.12,0.04,0.01,-9.08,0.41,1.19,-0.18,-0.00,-0.00
2026-05-01 17:53:33.197,-8.41,3.78,0.19,-0.16,-0.05,-0.02,-7.22,5.92,1.69,-0.11,-0.00,0.03,-8.84,1.80,3.73,0.15,0.04,-0.03,-9.28,0.60,1.23,-0.14,-0.03,0.00
2026-05-01 17:53:33.377,-8.41,4.03,0.71,-0.20,-0.08,-0.02,-7.32,5.89,1.90,-0.22,-0.01,0.05,-8.73,1.68,3.75,0.20,0.07,0.00,-9.06,0.25,1.12,-0.14,0.02,-0.04
2026-05-01 17:53:33.509,-8.60,3.86,0.40,-0.14,0.03,0.02,-7.40,5.98,1.95,-0.06,0.09,0.03,-8.92,1.78,3.46,0.27,0.11,0.00,-9.18,0.33,1.11,0.00,0.06,-0.08
2026-05-01 17:54:42.703,-9.92,2.30,0.03,0.38,-0.19,-0.18,-8.93,5.37,1.40,0.54,-0.41,-0.23,-9.17,2.66,2.68,0.68,0.66,-0.04,-9.70,0.14,-0.68,0.61,0.42,-0.77
2026-05-01 17:54:42.952,-9.33,2.00,-0.07,0.03,0.02,-0.03,-8.30,4.71,1.62,0.04,-0.02,-0.02,-8.93,2.13,3.03,0.11,0.08,0.00,-9.24,-0.13,-0.23,-0.14,0.03,-0.04
2026-05-01 17:54:43.055,-9.46,1.22,-0.55,-0.00,0.06,-0.06,-8.85,3.56,1.64,0.01,0.05,-0.00,-8.90,2.30,2.92,0.22,-0.03,0.03,-9.22,0.08,-0.31,-0.09,0.04,0.08
2026-05-01 17:54:43.222,-9.04,2.25,-0.99,-0.24,0.03,0.16,-8.01,4.89,0.68,0.01,0.00,0.05,-8.87,2.15,2.84,0.28,-0.00,0.02,-9.07,-0.25,-0.44,-0.02,0.04,0.04
2026-05-01 17:54:43.425,-9.43,1.76,-0.60,-0.02,-0.06,-0.00,-8.45,4.60,1.15,0.02,-0.06,0.01,-8.83,2.26,2.83,0.39,0.04,-0.05,-9.06,-0.05,-0.48,0.17,0.00,-0.05
2026-05-01 17:54:43.752,-9.15,2.07,-0.73,0.09,-0.07,-0.05,-8.18,4.89,1.17,0.06,-0.07,-0.03,-8.89,2.35,2.71,0.31,-0.01,-0.02,-9.17,-0.20,-0.54,0.02,-0.00,0.03
2026-05-01 17:54:44.089,-9.30,2.19,-0.53,-0.13,-0.04,0.03,-8.16,4.91,1.18,-0.08,0.02,0.06,-8.89,2.33,2.87,0.19,-0.02,0.01,-9.07,-0.12,-0.36,-0.11,0.01,0.09
2026-05-01 17:54:44.340,-9.27,2.09,-0.56,-0.21,0.02,-0.01,-8.15,4.92,1.22,-0.14,0.09,0.02,-8.89,2.25,2.60,0.16,0.04,0.01,-9.08,-0.29,-0.26,0.16,-0.04,-0.07
2026-05-01 17:54:44.457,-9.10,1.99,-0.73,-0.21,0.06,0.02,-8.19,4.81,1.04,-0.18,0.12,0.05,-9.18,2.55,2.87,0.05,0.21,-0.00,-9.61,-0.14,-0.27,-0.12,-0.04,-0.17
2026-05-01 17:54:44.646,-9.55,2.32,-0.59,-0.64,0.13,-0.18,-8.61,4.96,0.84,-0.56,0.27,-0.06,-8.86,2.24,2.45,-0.08,-0.09,0.04,-9.10,-0.54,-0.50,-0.36,-0.05,0.17
2026-05-01 17:54:44.831,-8.67,2.60,-0.70,-1.41,-0.01,-0.10,-8.03,4.36,0.30,-1.19,0.36,0.24,-9.08,2.20,2.38,-0.54,-0.26,0.05,-9.25,-0.78,-0.63,-0.76,-0.18,0.38
2026-05-01 17:54:45.159,-9.93,3.05,-1.24,-1.72,-0.10,0.18,-8.95,5.33,0.10,-1.47,0.48,0.52,-8.15,2.24,2.39,-1.20,-0.12,0.31,-8.22,-0.83,-0.68,-1.55,-0.06,0.37
2026-05-01 17:54:45.365,-7.64,2.97,0.01,-1.40,0.14,0.53,-6.14,6.08,0.97,-1.05,0.57,0.61,-9.43,1.61,3.08,-1.20,0.94,0.80,-9.88,-0.44,-0.58,-1.87,0.68,-0.61
2026-05-01 17:54:45.465,-9.22,2.94,0.33,-1.60,0.40,0.49,-7.88,5.38,1.91,-1.37,0.96,0.60,-9.43,0.16,3.38,-2.06,1.05,0.98,-9.54,-0.60,2.60,-2.89,0.63,-0.46
2026-05-01 17:54:45.853,-8.89,2.50,0.40,-1.75,0.67,0.50,-7.46,5.45,1.88,-1.36,1.25,0.51,-8.77,-0.09,2.93,-1.55,0.97,0.25,-8.80,-0.98,2.85,-2.07,0.08,-0.67
2026-05-01 17:54:45.979,-9.01,2.74,0.10,-1.08,0.50,0.01,-7.83,5.10,1.64,-0.96,0.74,0.12,-9.22,1.72,3.77,-0.83,0.92,-0.62,-9.82,0.68,0.39,-0.51,-0.49,-0.98
2026-05-01 17:54:46.190,-8.73,2.61,0.89,-0.52,0.38,-0.13,-7.32,5.55,2.26,-0.46,0.47,-0.09,-9.20,2.51,3.48,-0.74,0.16,0.22,-9.82,1.02,-1.02,-1.11,0.01,0.01
2026-05-01 17:54:46.394,-9.41,3.07,0.73,0.06,-0.12,0.07,-8.55,4.85,1.71,-0.15,0.08,0.13,-8.87,1.43,3.85,0.28,-0.41,0.08,-9.43,0.59,0.44,-0.22,-0.15,0.54
2026-05-01 17:54:46.776,-7.91,2.81,-0.20,-0.28,-0.07,-0.09,-6.91,5.61,0.98,-0.20,0.00,0.04,-8.79,2.20,2.33,0.58,-1.21,-0.04,-9.21,-0.64,-0.24,0.27,-0.36,1.26
2026-05-01 17:54:46.894,-8.19,3.31,-1.00,0.30,-0.17,0.06,-7.16,5.27,0.91,0.35,-0.18,-0.02,-7.10,3.39,3.25,-0.03,-0.24,0.01,-7.41,-0.35,-2.24,-0.35,-0.18,0.31
2026-05-01 17:54:47.253,-8.59,3.65,-0.85,0.10,-0.02,-0.49,-7.29,6.39,0.98,-0.09,-0.07,-0.41,-7.97,3.01,2.65,-0.03,1.14,0.09,-8.62,0.11,-0.67,-0.56,0.39,-1.12
2026-05-01 17:54:47.352,-10.44,3.93,-0.21,0.03,-0.33,-0.23,-8.91,7.14,1.79,-0.12,-0.52,-0.11,-10.75,2.49,3.68,0.05,0.78,-0.49,-11.28,0.47,-0.73,-0.05,-0.23,-0.86
2026-05-01 17:54:47.538,-8.24,3.38,0.95,-0.01,-0.12,0.71,-6.30,5.91,3.70,0.08,0.11,0.38,-8.43,1.03,2.63,0.36,-0.68,-0.07,-8.87,0.91,0.56,-0.06,-0.44,0.78
2026-05-01 17:54:47.725,-8.22,3.81,0.40,-1.81,1.00,1.69,-5.71,7.11,2.85,-0.42,1.10,1.38,-9.36,-1.37,3.14,1.13,-0.63,-0.14,-9.02,-1.04,4.70,1.30,-0.05,0.49
2026-05-01 17:54:47.919,-7.66,2.93,0.79,-2.51,1.66,0.71,-5.77,5.12,1.92,-1.32,1.98,0.72,-8.42,-0.18,4.16,0.87,-0.43,-0.72,-8.71,0.62,1.97,1.15,-0.77,0.02
2026-05-01 17:54:48.152,-9.22,6.21,-0.80,-1.08,0.83,0.08,-8.09,9.10,-2.12,-0.44,1.15,-0.07,-10.19,1.30,4.13,0.11,-0.07,-0.42,-10.41,1.63,2.05,1.04,0.08,0.35
2026-05-01 17:54:48.357,-6.41,6.19,-0.48,0.10,-0.22,-0.19,-5.22,8.28,-0.80,-0.14,-0.51,-0.06,-6.38,-1.93,6.12,0.00,-0.04,-0.40,-6.08,0.26,3.62,0.22,-1.09,-0.52
2026-05-01 17:54:48.559,-7.72,5.67,1.26,-0.06,-0.62,0.40,-5.87,7.01,1.37,0.70,-0.77,0.52,-8.88,-1.57,5.03,1.08,-0.27,-0.19,-8.33,0.49,4.81,0.87,-0.06,-0.08
2026-05-01 17:54:49.896,-10.04,3.88,0.65,1.27,-0.65,-1.47,-8.29,5.95,2.11,0.70,-1.22,-1.16,-10.71,0.78,1.85,0.38,-1.28,-0.38,-11.00,-0.50,1.01,0.08,-0.64,1.56
2026-05-01 17:54:50.423,-8.15,3.19,0.76,0.54,-0.20,0.25,-6.81,4.84,2.10,0.58,-0.22,0.17,-7.40,1.66,2.81,0.35,0.38,0.08,-7.56,-0.33,-0.24,-0.20,0.03,-0.48
2026-05-01 17:54:50.697,-9.49,2.68,0.67,0.30,-0.04,0.03,-8.24,5.72,2.25,0.27,-0.03,-0.01,-9.53,2.10,2.38,0.02,0.64,0.08,-9.93,0.33,0.25,-0.18,0.28,-0.66
2026-05-01 17:54:51.167,-9.86,3.96,0.14,-0.30,-0.10,0.47,-8.37,6.07,1.80,-0.24,0.18,0.50,-9.00,2.06,3.19,0.14,0.43,-0.12,-9.07,-0.75,-0.09,0.08,0.14,-0.53
2026-05-01 17:54:51.399,-8.73,3.20,0.79,0.27,-0.13,-0.60,-7.52,5.73,1.81,0.07,-0.16,-0.50,-9.49,1.79,2.90,0.39,0.18,-0.14,-9.77,0.74,-0.10,0.26,-0.08,-0.16
2026-05-01 17:54:51.753,-9.44,4.34,0.28,-0.35,0.04,-0.88,-8.19,6.26,1.89,-0.73,0.03,-0.45,-9.65,1.54,2.95,0.30,-0.35,0.07,-9.87,-0.61,-0.09,-0.01,0.06,0.36
2026-05-01 17:54:52.123,-7.83,3.57,1.10,-0.15,0.00,0.32,-6.43,5.82,2.03,0.08,0.08,0.23,-8.17,1.50,2.67,0.68,-0.81,-0.16,-8.31,-0.80,-0.42,0.46,-0.34,0.81
2026-05-01 17:54:52.199,-8.52,3.48,0.51,-0.52,0.20,-0.13,-7.28,5.70,1.84,-0.55,0.26,-0.04,-8.25,1.54,2.87,-0.88,0.43,0.39,-8.46,-0.41,-0.05,-1.42,0.16,-0.22
2026-05-01 17:54:52.556,-7.68,6.49,1.16,1.04,-0.93,0.19,-6.04,8.79,0.36,0.87,-0.83,-0.01,-13.20,-0.08,3.34,0.45,1.23,0.98,-13.15,-2.51,4.77,-0.67,2.21,-0.59
2026-05-01 17:54:52.560,-9.36,3.35,0.53,-0.67,0.17,-0.22,-8.04,5.85,2.15,-0.61,0.26,-0.08,-9.37,1.77,2.73,-0.19,0.59,-0.06,-9.62,0.26,0.54,-0.32,0.08,-0.57
2026-05-01 17:54:52.685,-9.04,5.19,0.74,0.19,-0.55,1.04,-7.18,6.89,2.97,0.53,-0.46,0.85,-8.79,1.64,3.02,-0.13,-0.34,-0.02,-9.08,-0.09,-0.88,-0.43,-0.24,0.44
2026-05-01 17:54:52.841,-7.70,8.37,-2.10,0.08,1.14,2.54,-6.03,7.93,0.16,0.89,1.02,1.23,-11.23,2.30,2.55,-2.49,-1.07,-0.13,-12.17,2.09,3.41,-4.75,-2.68,1.17
2026-05-01 17:54:53.255,-4.17,6.10,-3.14,1.97,2.15,1.69,-4.45,6.57,-2.76,1.17,2.04,0.35,-4.29,-2.03,6.17,-1.20,-1.65,-0.52,-3.72,0.38,3.57,-0.80,-2.54,0.92
2026-05-01 17:54:53.352,-1.68,9.89,-2.51,-0.60,0.72,-0.71,-2.69,8.85,-1.41,-0.56,0.60,-0.31,-5.95,-3.65,7.69,0.85,0.14,-0.22,-2.40,-1.18,9.99,0.75,0.38,-0.55
2026-05-01 17:54:53.513,-1.29,11.42,-7.10,-0.23,-0.19,-0.38,-4.93,10.23,-6.00,-0.34,-0.29,-0.29,-9.82,-2.63,8.95,-0.84,0.80,0.35,-6.57,-2.15,11.75,-2.06,0.34,0.53
2026-05-01 17:54:53.715,0.32,7.32,-6.12,-0.87,-0.04,0.01,-3.30,4.97,-5.81,-0.70,-0.09,0.48,-4.80,0.68,7.24,0.90,0.03,-0.29,-4.87,2.55,5.32,0.83,0.15,-0.51
2026-05-01 17:54:53.967,-0.80,9.19,-5.82,0.04,-0.54,0.98,-3.60,8.82,-4.40,0.95,-0.42,0.62,-10.23,-0.83,5.99,0.52,0.76,0.69,-8.67,-0.41,10.53,-0.52,1.09,0.10
2026-05-01 17:54:54.191,-0.41,8.51,-3.24,-0.16,0.60,-0.78,-2.62,8.47,-3.62,-0.68,0.59,-0.66,-6.99,-1.52,6.13,0.09,-0.05,0.04,-5.53,-0.82,7.40,-0.18,-0.04,0.12
2026-05-01 17:54:54.349,-0.92,9.26,-3.78,0.07,-0.20,-0.03,-3.49,8.12,-4.16,0.14,-0.17,-0.09,-8.76,-0.88,6.72,0.37,0.08,-0.39,-7.47,-0.26,7.95,0.20,-0.09,-0.36
2026-05-01 17:54:54.652,-1.46,8.85,-4.58,-0.03,-0.22,-0.10,-4.49,7.93,-4.65,-0.17,-0.20,-0.01,-7.34,-1.09,6.90,0.73,-0.14,-0.44,-6.37,0.46,6.51,0.68,-0.16,-0.36
2026-05-01 17:54:54.890,-0.54,6.85,-2.85,0.70,0.25,0.24,-1.49,9.15,-1.47,0.09,0.44,-0.36,-6.66,-4.04,5.05,-0.24,-0.85,0.18,-4.72,-0.62,7.71,-0.08,-0.62,0.82
2026-05-01 17:54:55.046,-1.61,9.31,-8.50,0.49,0.73,-1.07,-5.91,7.08,-6.16,-0.79,0.86,-0.34,-7.94,-2.74,9.82,1.25,0.61,-0.85,-5.11,-2.15,10.82,0.07,0.00,-1.13
2026-05-01 17:54:55.810,-1.44,5.32,-7.36,0.63,-0.84,1.59,-4.41,6.17,-5.68,1.44,-1.01,0.83,-6.33,-1.38,9.05,-0.51,-0.24,0.27,-5.29,2.79,8.79,-0.42,-0.19,0.59
2026-05-01 17:54:56.350,-0.19,6.16,-8.40,-0.12,0.04,-0.27,-3.26,6.90,-5.44,-0.17,0.14,-0.18,-5.45,-3.46,8.49,-0.01,0.24,-0.03,-2.73,0.43,9.43,-0.37,0.07,-0.05
2026-05-01 17:54:56.657,-0.70,5.63,-8.79,-0.05,-0.11,0.03,-3.98,7.24,-5.54,-0.00,-0.05,0.01,-5.77,-3.93,8.12,0.09,0.08,-0.01,-2.60,-0.49,9.74,-0.23,-0.02,0.02
2026-05-01 17:54:56.953,-0.96,6.29,-8.95,-0.10,-0.04,0.00,-4.13,7.90,-5.34,-0.03,0.00,0.04,-6.03,-4.04,8.18,0.28,0.03,-0.04,-2.78,-0.50,10.56,0.02,0.02,-0.05
2026-05-01 17:54:57.171,-0.66,5.51,-8.07,-0.22,0.01,-0.02,-3.58,6.83,-4.93,-0.10,0.04,0.05,-5.34,-3.75,8.08,0.23,0.04,0.03,-2.41,-0.14,9.82,-0.01,0.07,-0.00
2026-05-01 17:54:57.538,-1.00,6.25,-8.24,-0.17,-0.08,-0.02,-3.99,7.17,-5.09,-0.08,-0.04,0.04,-5.73,-3.78,8.06,0.22,0.10,0.00,-2.74,0.10,9.92,-0.10,0.06,-0.03
2026-05-01 17:54:57.883,-1.02,5.86,-8.14,-0.14,-0.03,0.02,-3.87,6.89,-5.05,-0.05,0.01,0.07,-5.61,-3.64,7.85,0.23,0.03,-0.01,-2.80,0.01,9.58,-0.04,-0.00,-0.01
2026-05-01 17:54:58.125,-1.02,5.84,-8.22,-0.08,-0.06,-0.06,-4.00,6.95,-5.23,-0.06,-0.01,-0.04,-5.65,-3.62,8.06,0.20,0.05,0.02,-2.79,0.03,9.67,-0.06,0.04,0.01
2026-05-01 17:54:58.268,-0.81,5.95,-8.42,-0.12,-0.02,-0.01,-3.99,7.08,-5.24,-0.07,0.01,0.02,-5.78,-3.66,8.06,0.19,0.02,0.02,-3.01,0.03,9.83,-0.08,0.01,0.03
2026-05-01 17:54:58.474,-1.02,5.91,-8.28,-0.12,-0.01,-0.02,-4.10,6.87,-5.17,-0.07,0.02,0.02,-5.66,-3.76,7.97,0.19,-0.00,0.00,-2.77,-0.23,9.90,-0.07,-0.01,0.02
2026-05-01 17:54:58.654,-0.92,6.03,-8.32,-0.12,-0.05,0.05,-3.85,7.02,-5.17,-0.05,-0.01,0.07,-5.73,-3.60,7.90,0.22,0.03,-0.04,-2.87,0.01,9.95,-0.07,-0.02,-0.02
2026-05-01 17:54:59.909,-0.86,5.62,-8.59,-0.01,-0.03,-0.02,-4.09,6.85,-5.44,-0.04,0.01,-0.02,-5.95,-3.64,7.59,0.12,0.03,0.02,-3.24,-0.01,9.44,-0.13,-0.01,0.17
2026-05-01 17:55:00.639,-1.59,6.22,-8.84,-0.12,0.00,0.01,-4.70,7.51,-5.17,0.05,0.06,0.09,-6.15,-4.15,7.83,0.36,0.13,-0.10,-2.89,-0.36,10.33,-0.01,0.04,-0.20
2026-05-01 17:55:01.034,-1.09,5.54,-8.72,-0.12,-0.03,-0.02,-4.14,6.95,-5.25,-0.08,0.02,0.02,-5.82,-3.94,7.75,0.19,0.02,-0.00,-2.60,-0.47,9.82,-0.08,-0.02,0.01
2026-05-01 17:55:01.253,-1.05,5.44,-8.72,-0.11,-0.04,-0.04,-4.18,6.78,-5.31,-0.07,0.01,0.00,-5.83,-3.98,7.73,0.20,0.03,-0.01,-2.77,-0.43,9.66,-0.08,-0.00,-0.01
2026-05-01 17:55:01.853,-1.08,5.58,-8.64,-0.15,-0.03,-0.06,-4.13,6.96,-5.23,-0.11,0.03,0.01,-5.87,-3.96,7.80,0.26,0.05,-0.03,-2.72,-0.40,9.81,-0.03,0.02,-0.05
2026-05-01 17:55:02.176,-1.18,5.54,-8.69,-0.14,-0.04,-0.00,-4.06,6.91,-5.27,-0.08,0.01,0.04,-5.83,-3.92,7.92,0.20,0.00,-0.01,-2.77,-0.29,9.84,-0.08,-0.02,0.02
2026-05-01 17:55:02.239,-1.07,5.60,-8.63,-0.13,-0.01,-0.01,-4.00,7.00,-5.24,-0.09,0.03,0.03,-5.74,-3.93,7.89,0.19,-0.00,-0.00,-2.70,-0.31,9.90,-0.07,-0.03,0.03
2026-05-01 17:55:02.757,-1.18,5.67,-8.65,-0.11,-0.04,-0.02,-4.15,7.08,-5.25,-0.07,0.01,0.02,-5.87,-4.13,7.75,0.20,0.02,0.01,-2.66,-0.51,9.93,-0.06,0.00,0.02
2026-05-01 17:55:03.081,-1.17,3.85,-6.13,-0.32,0.14,-0.00,-3.35,4.71,-3.48,-0.15,0.11,0.12,-4.33,-2.60,4.77,0.94,-0.24,-0.34,-2.26,-0.24,7.39,0.80,-0.27,-0.45
2026-05-01 17:55:03.540,-2.50,4.15,-10.55,-0.13,0.08,0.14,-6.23,7.08,-5.91,0.08,0.10,0.17,-5.83,-5.01,7.04,0.00,-0.90,0.17,-1.16,-3.38,10.15,0.12,-0.61,0.83
2026-05-01 17:55:03.798,-1.28,4.67,-9.16,-0.22,-0.10,-0.14,-4.17,7.14,-5.27,-0.22,-0.01,-0.05,-6.13,-4.26,8.39,0.25,0.17,-0.22,-2.28,-0.22,10.98,-0.08,0.02,-0.22
2026-05-01 17:55:03.853,-2.58,4.11,-7.50,-0.31,-0.73,1.28,-4.57,5.66,-4.39,0.56,-0.92,1.05,-5.69,-3.07,7.04,1.70,0.36,-0.97,-3.28,0.04,9.14,1.32,0.21,-1.47
2026-05-01 17:55:04.940,0.91,4.76,-7.00,-0.07,-0.25,0.24,-1.07,7.11,-4.59,-0.13,-0.17,0.20,-5.65,-4.01,4.65,0.14,-0.12,-0.04,-2.63,-1.68,8.00,-0.35,-0.24,0.16
2026-05-01 17:55:05.334,-0.94,5.95,-8.11,-0.05,0.25,-0.41,-3.43,7.75,-5.04,-0.13,0.33,-0.35,-5.96,-3.08,7.58,0.26,0.17,0.13,-3.33,-0.02,9.27,-0.11,0.23,0.01
2026-05-01 17:55:05.663,-0.43,5.98,-8.33,0.07,-0.06,-0.09,-2.77,8.11,-5.02,0.01,-0.03,-0.16,-6.03,-2.94,7.60,0.23,-0.00,-0.01,-3.30,-0.44,8.48,0.04,0.05,-0.01
2026-05-01 17:55:05.926,-0.73,6.30,-8.17,-0.03,-0.13,0.12,-3.30,7.36,-5.29,0.04,-0.14,0.08,-6.28,-3.42,7.80,0.15,-0.03,-0.04,-3.12,-0.65,9.83,-0.08,-0.08,0.02
2026-05-01 17:55:06.173,-1.10,4.92,-7.42,0.05,-0.02,-0.08,-3.33,6.00,-4.07,0.11,-0.01,-0.16,-5.09,-2.69,6.39,0.01,-0.09,0.09,-2.62,0.20,8.51,-0.05,-0.08,0.19
2026-05-01 17:55:06.485,-1.29,6.38,-7.98,-0.26,0.17,0.18,-3.53,7.98,-4.05,0.04,0.06,0.26,-4.97,-3.77,7.95,0.17,0.08,0.01,-1.92,-0.70,8.82,-0.05,0.02,-0.05
2026-05-01 17:55:06.880,-0.23,7.00,-10.26,-0.08,-0.17,0.06,-3.59,9.20,-6.38,0.06,-0.12,0.07,-6.98,-3.23,8.33,0.54,0.33,-0.10,-3.88,-0.06,10.21,0.08,0.28,-0.36
2026-05-01 17:55:10.045,-1.16,5.22,-8.45,-0.13,-0.05,0.02,-4.09,6.57,-5.30,-0.08,-0.02,0.06,-6.35,-3.66,7.56,0.31,0.04,-0.08,-3.13,-0.82,9.47,0.02,0.04,-0.10
2026-05-01 17:55:10.352,-1.64,5.39,-8.32,-0.10,-0.01,0.04,-4.33,6.71,-4.81,-0.06,0.01,0.06,-6.26,-3.53,7.26,0.12,-0.04,0.04,-3.10,-0.95,9.38,-0.11,-0.02,0.11
2026-05-01 17:55:10.409,-1.59,5.56,-8.58,-0.13,0.02,-0.24,-4.38,6.98,-5.00,-0.16,0.14,-0.16,-6.45,-3.77,7.32,0.15,0.05,0.05,-3.11,-1.08,9.74,-0.12,0.03,0.05
2026-05-01 17:55:10.967,-1.58,5.21,-8.48,-0.08,-0.07,0.12,-4.45,6.81,-5.04,0.02,-0.08,0.11,-6.32,-3.62,7.40,0.20,0.02,0.00,-3.11,-0.93,9.72,-0.06,-0.01,0.01
2026-05-01 17:55:11.046,-1.19,5.65,-8.58,-0.10,-0.06,-0.02,-4.01,6.98,-5.13,-0.08,0.00,0.03,-6.30,-3.75,7.33,0.27,0.02,-0.05,-2.89,-1.04,9.62,-0.02,-0.01,-0.05
2026-05-01 17:55:13.125,-1.50,5.53,-8.73,-0.10,-0.05,0.03,-4.36,6.92,-5.18,-0.05,-0.02,0.06,-6.39,-3.78,7.46,0.21,0.04,0.00,-3.03,-0.94,9.73,-0.06,0.03,0.00
2026-05-01 17:55:13.539,-1.80,5.01,-8.67,-0.09,-0.13,-0.03,-4.31,6.66,-4.57,-0.04,-0.08,-0.01,2.13,-4.90,20.61,5.82,-5.11,-1.93,0.44,21.04,7.07,8.73,1.14,0.47
2026-05-01 17:55:14.268,-2.05,4.89,-7.92,-0.31,0.11,-0.00,-4.82,6.03,-4.89,-0.19,0.13,0.14,-6.99,-3.42,8.37,0.38,-0.33,-0.07,-2.00,-1.42,11.05,0.33,-0.10,0.02
2026-05-01 17:55:14.458,-1.57,5.43,-8.80,-0.14,-0.01,-0.03,-4.38,6.90,-5.26,-0.08,0.03,0.03,-5.67,-3.52,8.13,0.24,-0.06,-0.08,-1.21,-0.32,10.26,0.01,-0.07,-0.05
2026-05-01 17:55:14.865,-1.46,5.34,-8.66,-0.11,-0.07,0.01,-4.33,6.80,-5.22,-0.05,-0.03,0.03,-5.49,-3.42,8.31,0.27,0.08,-0.04,-1.17,-0.01,10.61,-0.09,0.03,-0.07
2026-05-01 17:55:15.140,-1.34,5.36,-8.79,-0.13,-0.04,-0.05,-4.28,6.85,-5.37,-0.11,0.02,0.01,-5.68,-3.50,8.40,0.20,0.10,-0.01,-1.21,-0.05,10.47,-0.18,0.02,-0.01
2026-05-01 17:55:15.480,-1.59,5.39,-8.71,-0.09,-0.07,0.01,-4.36,6.75,-5.24,-0.04,-0.04,0.03,-5.65,-3.50,8.32,0.19,0.02,-0.02,-1.11,-0.36,10.35,-0.06,-0.03,-0.01
2026-05-01 17:55:15.851,-1.47,5.26,-8.55,-0.09,-0.03,0.04,-4.30,6.67,-5.19,-0.03,-0.02,0.05,-5.66,-3.11,8.15,0.17,0.07,-0.04,-1.45,0.08,10.28,-0.15,-0.00,-0.00
2026-05-01 17:55:16.102,-1.80,5.68,-8.99,-0.15,-0.01,-0.00,-4.72,7.01,-5.26,-0.07,0.02,0.05,-6.06,-3.68,8.05,0.13,0.02,0.01,-1.40,-0.77,10.58,-0.12,-0.04,0.05
2026-05-01 17:55:16.351,-2.21,5.45,-8.87,0.02,-0.19,0.17,-5.04,7.28,-5.03,0.10,-0.12,0.12,0.95,-1.50,23.66,4.52,-4.10,-1.12,2.02,14.35,14.65,8.73,0.87,-1.77
2026-05-01 17:55:17.340,-1.98,5.33,-8.26,-0.07,-0.13,0.61,-4.56,7.47,-4.91,0.18,-0.17,0.52,-6.65,-8.58,5.94,7.15,3.64,-1.36,-9.83,-1.75,2.25,6.10,5.73,-3.79
2026-05-01 17:55:17.340,-1.23,5.18,-8.84,0.20,-0.10,0.05,-4.07,7.04,-5.86,0.16,-0.08,-0.07,-1.21,-2.74,7.64,-5.37,0.44,-0.05,-1.34,3.54,4.13,-7.90,-5.00,1.57
2026-05-01 17:55:17.577,-0.08,5.83,-8.34,0.01,-0.22,-0.08,-2.66,7.98,-5.41,-0.09,-0.17,-0.13,-2.02,9.65,-1.30,-1.38,-0.79,0.27,-1.90,-1.88,-9.53,-1.38,-0.51,0.63
2026-05-01 17:55:17.717,-1.53,5.17,-8.31,-0.02,-0.10,0.27,-4.10,6.82,-4.95,0.13,-0.12,0.20,-5.31,-3.46,8.09,-1.56,-0.93,0.36,-1.65,-0.13,10.64,-0.73,-1.07,1.48
2026-05-01 17:55:18.054,-1.31,6.07,-8.72,-0.15,0.08,-0.06,-4.11,7.09,-5.15,-0.09,0.13,0.02,-6.09,-2.21,8.03,1.04,0.27,-0.23,-3.15,0.97,9.33,0.58,0.37,-0.67
2026-05-01 17:55:18.280,-1.69,6.21,-9.02,-0.16,0.05,-0.06,-4.49,7.25,-5.25,-0.10,0.10,0.02,-5.55,-3.91,8.85,0.22,0.11,-0.09,-1.05,-0.66,11.27,-0.12,0.03,-0.09
2026-05-01 17:55:18.544,-1.29,5.01,-8.65,-0.02,-0.02,-0.03,-4.22,6.07,-5.30,-0.03,0.03,-0.04,-5.64,-3.06,7.84,0.34,0.21,-0.19,-2.00,-0.10,9.75,-0.13,0.10,-0.22
2026-05-01 17:55:18.753,-1.66,5.97,-9.05,-0.09,-0.11,-0.12,-4.55,7.31,-5.32,-0.11,-0.05,-0.09,-6.22,-3.71,8.44,0.19,0.08,0.12,-1.85,-0.82,10.84,-0.14,0.10,0.11
2026-05-01 17:55:18.953,-1.43,4.98,-8.51,-0.10,0.01,-0.27,-4.13,6.04,-4.76,-0.19,0.10,-0.18,-5.34,-3.04,7.59,0.07,-0.01,-0.00,-1.58,-0.66,9.59,-0.09,-0.06,0.06
2026-05-01 17:55:19.158,-2.65,6.33,-9.62,-0.28,-0.08,0.09,-5.44,8.80,-4.98,-0.07,-0.01,0.21,-6.41,-3.81,8.25,0.51,0.05,-0.19,-1.96,-0.87,11.25,0.14,0.02,-0.29
2026-05-01 17:55:19.454,-0.95,4.96,-9.35,-0.12,-0.04,0.14,-4.27,6.29,-5.94,-0.01,-0.05,0.13,-6.35,-3.32,7.79,0.04,0.00,-0.01,-2.35,-1.38,9.81,-0.13,-0.06,0.07
2026-05-01 17:55:19.772,-1.41,5.18,-9.01,-0.03,-0.09,-0.04,-4.35,6.68,-5.36,-0.02,-0.04,-0.06,-5.88,-3.54,7.55,0.19,0.00,0.08,-1.82,-1.24,9.77,-0.05,0.03,0.08
2026-05-01 17:55:19.977,-1.88,5.78,-9.50,-0.24,-0.04,-0.20,-5.27,6.75,-5.75,-0.23,0.08,-0.05,-6.64,-3.66,8.77,0.15,0.05,-0.03,-2.04,-1.20,11.34,-0.13,0.02,0.01
2026-05-01 17:55:20.255,-1.37,4.97,-8.31,-0.34,-0.01,0.14,-4.00,5.82,-4.81,-0.19,0.01,0.29,-5.48,-2.97,7.59,0.26,-0.33,-0.19,-1.87,-0.63,9.54,0.20,-0.33,-0.04
2026-05-01 17:55:20.355,-1.65,5.38,-8.58,-0.11,-0.02,-0.01,-4.56,6.86,-5.06,-0.04,0.02,0.02,-6.53,-3.69,7.47,0.22,0.05,-0.03,-3.21,-0.88,9.83,-0.07,0.01,-0.04
2026-05-01 17:55:20.420,-2.20,5.68,-9.94,0.11,0.06,0.05,-5.27,7.66,-5.75,0.14,0.16,-0.03,-6.39,-3.48,8.96,0.23,0.26,0.15,-2.12,-0.62,11.52,-0.27,0.29,0.05
2026-05-01 17:55:20.525,-1.23,5.23,-7.26,-0.04,-0.06,0.21,-3.50,6.29,-4.55,0.01,-0.08,0.16,-4.80,-3.06,7.71,0.18,-0.12,0.05,-1.37,-0.23,9.05,-0.04,-0.12,0.10
2026-05-01 17:55:20.729,-1.17,5.01,-7.93,-0.07,-0.07,-0.16,-3.68,6.40,-4.81,-0.10,-0.02,-0.13,-4.98,-2.85,7.58,0.29,0.29,-0.18,-1.62,-0.54,8.80,-0.17,0.13,-0.30
2026-05-01 17:55:20.954,-1.59,5.82,-9.04,-0.06,-0.11,-0.11,-4.48,7.20,-5.48,-0.08,-0.05,-0.11,-6.48,-3.40,8.79,0.11,0.26,-0.10,-2.18,-0.66,11.32,-0.29,0.05,-0.13
2026-05-01 17:55:21.316,-1.39,5.54,-9.22,-0.12,-0.02,0.09,-4.33,6.81,-5.48,-0.02,-0.02,0.12,-6.46,-3.27,8.31,0.38,0.02,-0.11,-2.42,-0.74,10.79,0.05,-0.01,-0.14
2026-05-01 17:55:21.560,-1.69,5.77,-9.23,-0.08,-0.10,0.04,-4.85,7.56,-5.56,0.03,-0.07,0.02,-6.72,-3.72,8.26,0.06,0.10,0.18,-2.22,-1.65,10.90,-0.25,0.08,0.19
2026-05-01 17:55:21.858,-1.46,5.16,-8.42,-0.11,-0.15,-0.14,-4.25,7.08,-5.13,-0.11,-0.11,-0.14,-5.90,-3.01,7.45,0.00,0.02,0.11,-2.09,-1.06,9.46,-0.18,-0.02,0.17
2026-05-01 17:55:22.229,-2.02,5.04,-8.45,-0.01,-0.04,0.12,-5.00,6.34,-4.80,0.08,-0.06,0.06,-6.08,-3.50,7.85,0.13,-0.01,0.03,-1.98,-1.45,10.03,-0.10,-0.05,0.07
2026-05-01 17:55:22.677,-1.95,4.68,-8.65,-0.02,0.01,0.04,-4.95,6.20,-5.01,0.05,0.06,0.03,-6.03,-3.22,7.65,0.19,-0.08,0.08,-2.16,-0.97,9.73,-0.01,-0.04,0.13
2026-05-01 17:55:22.917,-1.24,4.91,-8.76,-0.10,-0.07,-0.07,-4.34,6.31,-5.37,-0.08,-0.01,-0.04,-5.85,-3.23,7.77,0.15,0.04,0.04,-1.98,-1.09,9.93,-0.11,0.01,0.06
2026-05-01 17:55:23.165,-1.39,5.09,-9.03,-0.04,-0.02,0.03,-4.54,6.46,-5.55,-0.09,0.05,0.07,-6.06,-3.36,8.11,0.17,-0.09,0.01,-2.07,-0.89,10.15,-0.02,-0.09,0.08
2026-05-01 17:55:23.410,-1.47,4.87,-8.90,-0.15,0.06,-0.05,-4.54,6.50,-5.36,-0.12,0.11,0.04,-5.83,-3.24,7.93,0.14,-0.12,0.04,-1.83,-0.91,10.05,-0.03,-0.11,0.12
2026-05-01 17:55:23.658,-1.29,5.13,-8.95,-0.11,-0.07,0.02,-4.35,6.75,-5.43,-0.07,-0.03,0.06,-5.84,-3.58,8.29,0.15,0.06,-0.02,-1.55,-1.09,10.58,-0.17,-0.02,0.00
2026-05-01 17:55:23.878,-1.27,4.99,-8.90,-0.12,-0.00,-0.03,-4.37,6.51,-5.44,-0.06,0.03,0.02,-5.64,-3.17,8.17,0.20,0.02,0.03,-1.69,-0.72,9.99,-0.07,-0.00,0.04
2026-05-01 17:55:24.290,-1.07,5.03,-9.09,-0.13,-0.07,-0.03,-4.27,6.65,-5.59,-0.09,-0.01,0.02,-5.83,-3.46,8.01,0.17,0.07,-0.00,-1.73,-1.07,10.02,-0.13,0.02,0.00
2026-05-01 17:55:24.543,-1.83,5.47,-8.60,-0.74,0.13,0.17,-5.01,5.67,-5.35,-0.24,0.10,0.48,3.04,-1.31,6.89,5.71,-0.58,-0.42,2.62,0.00,-2.14,6.06,2.84,-1.89
2026-05-01 17:55:24.745,-0.78,5.58,-8.49,0.01,-0.40,0.32,-3.58,6.45,-5.42,0.13,-0.41,0.24,-4.43,8.27,-1.14,-1.64,0.63,0.28,-5.76,2.50,-7.07,-1.56,-0.02,-0.43
2026-05-01 17:55:24.848,-1.06,5.39,-9.38,-0.11,0.15,-0.17,-3.98,6.88,-5.54,-0.08,0.20,-0.10,-4.44,4.45,-2.65,-3.33,-0.49,0.67,-5.45,0.89,-2.63,-4.96,-0.63,1.48
2026-05-01 17:55:25.035,-1.84,5.01,-8.76,-0.08,-0.11,-0.15,-4.98,6.65,-5.78,-0.05,-0.00,-0.09,-4.28,-9.50,15.20,-6.20,4.88,0.22,0.02,7.53,8.52,-8.73,-4.20,0.72
2026-05-01 17:55:25.355,-1.40,5.67,-9.60,0.16,0.04,-0.57,-4.37,7.30,-5.50,-0.19,0.24,-0.58,-2.75,-3.35,10.75,1.43,0.05,-0.30,0.13,6.82,12.71,0.00,-0.08,-0.48
2026-05-01 17:55:25.533,-1.52,5.75,-9.41,0.09,-0.15,0.05,-4.42,7.33,-5.23,0.02,-0.07,-0.01,-5.85,-3.63,8.14,0.23,-0.08,0.05,-1.24,-0.52,10.18,0.04,0.03,0.07
2026-05-01 17:55:25.955,-1.80,4.81,-8.66,-0.11,-0.03,0.00,-4.63,6.57,-5.18,-0.06,0.01,0.03,-5.84,-3.48,7.75,0.24,-0.03,-0.04,-1.28,-1.07,10.17,-0.04,-0.05,-0.01
2026-05-01 17:55:26.156,-1.70,5.29,-8.88,-0.13,-0.04,0.05,-4.56,6.71,-5.27,-0.05,-0.01,0.08,-5.81,-3.46,8.03,0.23,0.05,-0.01,-1.18,-0.81,10.40,-0.07,0.04,-0.01
2026-05-01 17:55:26.328,-1.63,5.05,-8.77,-0.10,-0.03,-0.03,-4.61,6.63,-5.33,-0.06,0.00,-0.01,-5.95,-3.40,7.91,0.22,0.04,-0.02,-1.50,-0.94,10.14,-0.07,0.01,-0.02
2026-05-01 17:55:26.741,-1.77,4.92,-8.75,-0.12,-0.05,-0.04,-4.53,6.48,-5.22,-0.08,0.01,-0.00,-5.85,-3.42,8.04,0.18,0.02,-0.02,-1.26,-0.83,10.15,-0.06,-0.01,0.01
2026-05-01 17:55:26.941,-1.75,5.13,-8.76,-0.12,-0.03,0.02,-4.60,6.51,-5.26,-0.07,0.01,0.05,-5.90,-3.39,8.03,0.23,0.04,-0.02,-1.46,-0.75,10.11,-0.09,0.00,-0.00
2026-05-01 17:55:27.034,-1.71,5.30,-8.77,-0.14,-0.01,-0.02,-4.70,6.69,-5.29,-0.08,0.03,0.03,-6.11,-3.55,8.07,0.18,0.03,-0.04,-1.27,-1.22,10.46,-0.09,-0.03,-0.02
2026-05-01 17:55:27.351,-1.56,5.00,-8.60,-0.12,-0.02,-0.02,-4.47,6.54,-5.19,-0.07,0.03,0.02,-5.81,-3.45,7.99,0.19,-0.01,0.04,-1.22,-0.84,10.35,-0.05,-0.01,0.06
2026-05-01 17:55:27.553,-1.74,5.17,-8.86,-0.11,-0.04,0.01,-4.53,6.75,-5.24,-0.06,-0.00,0.04,-5.86,-3.44,8.13,0.22,0.03,-0.02,-1.20,-0.89,10.26,-0.05,0.02,-0.02
2026-05-01 17:55:27.720,-1.66,5.22,-8.70,-0.11,-0.03,-0.03,-4.55,6.73,-5.10,-0.08,0.02,0.01,-5.90,-3.45,8.06,0.21,0.01,-0.01,-1.24,-1.00,10.17,-0.06,-0.02,0.01
2026-05-01 17:55:27.874,-1.72,5.12,-8.75,-0.12,-0.06,-0.03,-4.62,6.58,-5.25,-0.08,-0.00,0.02,-5.77,-3.48,8.00,0.21,0.04,-0.03,-1.05,-0.88,10.45,-0.07,-0.00,-0.03
2026-05-01 17:55:28.074,-1.61,5.15,-8.75,-0.12,-0.03,-0.01,-4.64,6.51,-5.14,-0.07,0.01,0.03,-6.01,-3.42,8.01,0.20,0.04,-0.01,-1.42,-1.03,10.18,-0.08,0.00,-0.00
2026-05-01 17:55:28.354,-1.70,5.09,-8.78,-0.12,-0.02,-0.01,-4.61,6.53,-5.29,-0.06,0.02,0.03,-5.95,-3.45,8.10,0.20,0.01,-0.00,-1.24,-1.00,10.34,-0.06,-0.01,0.01
2026-05-01 17:55:28.491,-1.74,5.15,-8.72,-0.12,-0.01,0.00,-4.60,6.59,-5.19,-0.06,0.03,0.05,-5.81,-3.37,8.18,0.24,0.02,-0.02,-1.24,-0.85,10.29,-0.03,0.00,-0.02
2026-05-01 17:55:28.679,-1.67,5.13,-8.86,-0.12,-0.02,-0.00,-4.66,6.55,-5.32,-0.07,0.02,0.04,-5.93,-3.50,7.99,0.22,0.03,-0.01,-1.29,-1.15,10.39,-0.06,0.01,-0.01
2026-05-01 17:55:29.055,-1.58,5.19,-8.91,-0.14,-0.04,0.01,-4.48,6.69,-5.34,-0.08,-0.01,0.05,-5.81,-3.40,8.20,0.20,0.03,-0.02,-1.13,-0.80,10.46,-0.07,-0.01,-0.01
2026-05-01 17:55:29.358,-1.50,5.16,-8.80,-0.11,-0.06,-0.01,-4.51,6.54,-5.27,-0.06,-0.02,0.02,-5.85,-3.42,7.95,0.20,0.06,-0.01,-1.17,-0.97,10.26,-0.10,0.02,-0.01
2026-05-01 17:55:29.421,-1.74,5.09,-9.02,-0.12,-0.02,-0.06,-4.72,6.60,-5.30,-0.09,0.03,-0.00,-6.00,-3.46,8.07,0.26,0.07,0.01,-1.20,-1.04,10.46,-0.07,0.06,-0.01
2026-05-01 17:55:29.856,-1.64,5.14,-8.79,-0.12,-0.04,-0.04,-4.60,6.44,-5.26,-0.09,-0.00,0.02,-6.02,-3.31,7.75,0.26,0.05,-0.05,-1.52,-0.96,10.10,-0.05,0.02,-0.07
2026-05-01 17:55:30.012,-1.88,5.17,-8.78,-0.11,-0.05,0.00,-4.80,6.79,-5.18,-0.06,-0.02,0.03,-6.09,-3.35,7.95,0.20,0.05,-0.02,-1.39,-1.29,10.37,-0.09,0.01,-0.01
2026-05-01 17:55:30.157,-1.88,5.13,-9.02,-0.11,-0.04,-0.04,-4.79,6.77,-5.38,-0.08,0.01,0.00,-6.12,-3.58,7.95,0.18,0.05,-0.00,-1.33,-1.40,10.47,-0.12,0.01,0.01
2026-05-01 17:55:30.573,-1.67,4.91,-8.98,-0.14,-0.03,-0.01,-4.61,6.51,-5.32,-0.07,0.02,0.04,-5.88,-3.40,8.04,0.22,-0.01,0.02,-1.21,-1.00,10.36,-0.05,-0.00,0.03
2026-05-01 17:55:30.832,-1.63,5.06,-8.79,-0.12,-0.04,-0.02,-4.62,6.63,-5.26,-0.07,0.01,0.02,-5.94,-3.36,8.10,0.22,0.05,-0.01,-1.29,-0.88,10.35,-0.09,0.03,-0.01
2026-05-01 17:55:31.144,-1.69,5.16,-8.82,-0.12,-0.03,-0.00,-4.58,6.67,-5.20,-0.06,0.02,0.04,-5.96,-3.39,7.98,0.23,0.04,-0.02,-1.30,-1.19,10.17,-0.06,0.02,-0.03
2026-05-01 17:55:31.345,-1.60,5.11,-8.89,-0.13,-0.04,-0.02,-4.57,6.68,-5.30,-0.07,0.00,0.03,-5.98,-3.47,7.97,0.20,0.00,-0.02,-1.28,-1.25,10.22,-0.06,-0.02,0.01
2026-05-01 17:55:31.447,-1.80,5.10,-8.73,-0.11,-0.09,-0.04,-4.63,6.62,-5.13,-0.08,-0.03,-0.01,-6.01,-3.44,7.79,0.17,0.05,0.01,-1.28,-1.30,10.11,-0.11,0.02,0.03
2026-05-01 17:55:32.164,-1.66,5.00,-8.78,-0.14,-0.01,-0.02,-4.77,6.43,-5.20,-0.09,0.03,0.03,-5.95,-3.41,8.00,0.22,-0.01,-0.01,-1.28,-1.06,10.44,-0.04,-0.02,0.01
2026-05-01 17:55:32.573,-1.58,5.06,-8.87,-0.12,-0.02,-0.01,-4.54,6.55,-5.33,-0.07,0.03,0.02,-5.85,-3.56,8.15,0.18,-0.04,0.02,-0.99,-1.21,10.34,-0.04,-0.05,0.06
2026-05-01 17:55:32.881,-1.68,5.12,-8.81,-0.12,-0.04,-0.01,-4.60,6.64,-5.37,-0.06,0.00,0.03,-5.93,-3.52,7.92,0.22,0.01,-0.01,-1.17,-1.29,10.22,-0.03,0.01,-0.00
2026-05-01 17:55:33.090,-1.71,5.04,-8.71,-0.13,-0.03,-0.03,-4.58,6.43,-5.30,-0.09,0.01,0.02,-5.82,-3.30,7.89,0.20,0.02,0.00,-1.24,-1.08,10.20,-0.07,-0.00,0.02
2026-05-01 17:55:33.440,-1.69,4.99,-8.82,-0.12,-0.03,-0.01,-4.54,6.65,-5.30,-0.07,0.01,0.03,-5.87,-3.42,8.04,0.21,0.01,-0.01,-1.26,-0.94,10.26,-0.05,-0.01,0.01
2026-05-01 17:55:33.714,-1.61,5.16,-8.83,-0.12,-0.03,-0.00,-4.62,6.62,-5.25,-0.07,0.01,0.03,-6.05,-3.45,8.09,0.21,0.05,-0.02,-1.22,-1.21,10.45,-0.09,0.02,-0.02
2026-05-01 17:55:34.140,-1.55,5.07,-8.84,-0.12,-0.03,0.02,-4.50,6.59,-5.37,-0.06,0.02,0.05,-6.00,-3.35,8.18,0.22,0.04,-0.02,-1.20,-1.01,10.42,-0.08,0.01,-0.02
2026-05-01 17:55:34.240,-3.01,9.30,-12.73,-0.93,0.27,0.60,-5.54,7.98,-4.13,-0.24,0.03,0.48,-5.85,-3.30,8.20,0.34,0.03,-0.01,-1.38,-0.84,10.45,0.05,0.08,-0.07
2026-05-01 17:55:34.392,3.05,5.04,3.29,-2.59,1.47,-0.69,1.59,7.15,-4.73,-1.88,1.69,0.54,-5.46,-3.50,8.30,-0.26,-0.48,0.49,-0.82,-1.30,9.78,-0.06,-0.21,0.83
2026-05-01 17:55:34.854,-1.99,6.08,6.04,-1.58,-0.46,-1.36,1.41,7.56,2.29,-0.69,0.13,0.31,-4.84,-3.65,9.09,0.04,-0.10,0.19,-0.22,0.10,11.26,-0.07,-0.02,0.29
2026-05-01 17:55:35.236,-1.14,-0.22,8.86,-0.25,-0.15,-0.10,1.30,5.61,7.91,-0.31,-0.20,0.01,-4.96,-2.97,8.69,0.35,0.24,0.06,-0.90,0.19,10.01,-0.11,0.28,-0.09
2026-05-01 17:55:35.444,2.97,3.90,1.41,6.15,-1.73,4.54,3.65,11.81,-8.94,6.75,-3.65,-0.34,-4.73,-3.15,8.75,0.38,0.37,-0.31,-0.33,-0.68,9.87,-0.19,0.11,-0.48
2026-05-01 17:55:35.554,13.01,17.10,-15.48,6.59,-2.23,-1.23,5.24,9.57,-13.73,1.98,-1.60,-3.35,-5.49,-3.08,8.02,0.78,0.44,-0.41,-1.45,-0.44,9.18,0.09,0.28,-0.76
2026-05-01 17:55:38.454,-1.59,1.97,-8.97,-0.43,0.31,-0.02,-5.43,5.04,-5.63,-0.12,0.31,0.20,-6.56,-2.72,7.71,0.15,-0.32,0.01,-2.46,-0.23,10.24,0.06,-0.26,0.21
2026-05-01 17:55:38.640,-0.57,4.93,-9.30,-0.07,-0.04,0.01,-4.10,6.70,-5.71,-0.05,0.00,0.03,-5.66,-3.44,8.36,0.21,0.03,0.02,-1.07,-0.82,10.31,-0.07,0.03,0.02
2026-05-01 17:55:38.990,-0.46,5.01,-9.15,-0.14,-0.06,-0.05,-3.93,6.78,-5.77,-0.11,0.02,0.01,-5.58,-3.43,8.29,0.18,0.04,-0.00,-1.08,-0.89,10.24,-0.08,0.00,0.01
2026-05-01 17:55:39.243,-0.87,4.87,-9.03,-0.07,-0.13,-0.11,-4.29,6.33,-5.59,-0.11,-0.04,-0.08,-5.82,-3.56,8.15,0.26,0.01,0.03,-1.27,-0.71,10.61,-0.03,0.03,0.03
2026-05-01 17:55:39.434,-0.94,4.58,-8.74,-0.11,0.06,0.05,-4.23,6.28,-5.28,-0.01,0.06,0.07,-5.43,-3.21,7.87,0.23,0.01,-0.04,-1.13,-0.69,9.92,-0.05,-0.03,-0.03
2026-05-01 17:55:39.536,-0.85,5.17,-9.05,-0.07,-0.09,0.21,-4.30,6.48,-5.61,0.09,-0.13,0.17,-5.59,-3.35,8.09,0.03,-0.03,0.06,-1.18,-0.68,10.07,-0.15,-0.07,0.15
2026-05-01 17:55:39.747,-0.53,4.47,-9.37,-0.09,-0.08,-0.05,-4.20,6.22,-5.92,-0.07,-0.01,-0.03,-5.66,-3.63,8.27,0.24,0.06,-0.07,-0.96,-1.05,10.84,-0.08,-0.00,-0.07
2026-05-01 17:55:40.162,-0.91,4.68,-9.16,-0.12,-0.01,0.02,-4.28,6.44,-5.50,-0.06,0.01,0.05,-5.66,-3.36,8.00,0.18,0.01,0.05,-1.20,-0.87,10.02,-0.09,0.01,0.07
2026-05-01 17:55:40.233,-0.73,4.87,-9.30,-0.12,-0.03,-0.01,-4.19,6.64,-5.78,-0.06,0.01,0.02,-5.64,-3.42,8.26,0.22,0.05,-0.04,-1.05,-0.98,10.36,-0.08,0.00,-0.03
2026-05-01 17:55:40.434,-0.95,4.70,-9.20,-0.11,-0.10,-0.02,-4.32,6.49,-5.54,-0.07,-0.05,0.00,-5.78,-3.52,8.24,0.21,0.08,-0.06,-1.05,-1.23,10.40,-0.10,0.01,-0.07
2026-05-01 17:55:40.654,-0.90,4.52,-8.94,-0.17,0.03,0.02,-4.13,6.40,-5.50,-0.07,0.06,0.09,-5.62,-3.35,7.91,0.25,-0.03,-0.03,-1.15,-0.85,10.04,0.01,-0.05,-0.01
2026-05-01 17:55:40.900,-0.87,5.18,-9.64,-0.09,-0.07,-0.00,-4.30,7.02,-5.81,-0.04,-0.01,0.03,-5.94,-3.59,8.34,0.26,0.04,-0.09,-1.21,-1.02,10.70,-0.04,-0.01,-0.08
2026-05-01 17:55:41.278,-0.82,4.53,-9.03,-0.15,-0.00,-0.01,-4.25,6.21,-5.67,-0.08,0.04,0.05,-5.49,-3.45,8.16,0.20,0.02,0.06,-0.89,-1.02,10.07,-0.07,0.04,0.06
2026-05-01 17:55:41.354,-0.71,4.64,-9.06,-0.10,-0.06,0.01,-4.07,6.41,-5.61,-0.05,-0.03,0.02,-5.42,-3.27,8.03,0.24,0.05,-0.07,-1.10,-0.77,9.95,-0.08,-0.00,-0.06
2026-05-01 17:55:44.862,-0.77,5.12,-9.30,-0.12,-0.04,-0.02,-4.09,6.81,-5.68,-0.08,0.01,0.03,-5.84,-3.49,8.26,0.24,0.05,-0.04,-1.11,-0.97,10.58,-0.05,0.03,-0.04
2026-05-01 17:55:45.272,-1.12,5.04,-9.65,-0.15,0.01,0.03,-4.69,6.56,-5.65,-0.00,0.04,0.07,-4.17,4.44,12.12,1.83,-1.02,2.42,-7.03,10.13,4.05,2.49,2.29,1.04
2026-05-01 17:55:45.477,-0.81,5.47,-9.37,-0.35,0.10,0.00,-4.34,6.55,-5.80,-0.19,0.16,0.15,-8.69,9.17,9.51,3.07,4.31,1.29,-15.09,10.34,3.39,2.12,4.45,-3.52
2026-05-01 17:55:45.562,0.43,5.32,-9.71,-0.11,-0.12,-0.15,-3.06,6.73,-6.19,-0.14,0.01,-0.10,-2.55,7.72,6.24,0.62,0.10,0.07,-3.91,5.77,-5.86,0.39,0.20,-0.22
2026-05-01 17:55:46.090,-0.95,5.01,-8.84,-0.17,0.07,-0.07,-4.42,6.45,-5.53,-0.11,0.13,0.01,-2.41,7.90,5.84,0.16,0.09,0.03,-3.80,5.31,-6.25,-0.06,0.04,-0.08
2026-05-01 17:55:46.146,-0.50,5.23,-8.96,-0.15,-0.00,0.01,-3.91,6.55,-5.78,-0.07,0.02,0.06,-2.55,8.01,5.85,0.33,-0.04,-0.01,-3.97,4.92,-6.53,0.01,0.03,0.04
2026-05-01 17:55:46.454,-0.48,5.06,-8.95,-0.09,-0.01,-0.01,-3.92,6.69,-5.83,-0.04,0.03,0.01,-2.47,8.29,5.83,0.23,-0.02,0.05,-4.02,5.23,-6.88,-0.03,0.06,0.03
2026-05-01 17:55:47.030,-0.51,5.06,-8.98,-0.11,-0.04,0.01,-3.97,6.51,-5.94,-0.06,-0.01,0.04,-2.01,7.76,5.57,-0.02,-0.21,0.01,-3.65,6.10,-5.87,-0.38,-0.18,0.29
2026-05-01 17:55:47.154,-0.81,4.93,-9.40,0.19,-0.05,0.18,-4.68,6.15,-6.34,0.18,0.04,0.01,-4.10,-1.41,10.32,0.48,0.40,-0.23,-2.44,9.10,8.81,-0.26,0.17,-0.52
2026-05-01 17:55:47.536,-0.28,5.06,-9.18,-0.14,-0.10,0.09,-3.82,6.66,-6.11,-0.04,-0.07,0.11,-4.09,-3.12,9.45,0.30,0.13,-0.26,-0.20,2.40,10.37,-0.34,-0.16,-0.27
2026-05-01 17:55:47.845,0.06,5.14,-8.49,-0.18,-0.05,0.07,-2.98,6.40,-5.46,-0.07,-0.03,0.13,-4.09,-2.36,9.25,0.27,0.18,-0.32,-0.68,2.20,9.41,-0.22,-0.08,-0.32
2026-05-01 17:55:48.242,-0.22,5.51,-8.94,-0.13,-0.01,-0.14,-3.52,6.95,-5.83,-0.14,0.08,-0.06,-4.53,-2.90,9.65,0.25,0.08,-0.12,-0.53,2.03,10.61,-0.08,0.01,-0.12
2026-05-01 17:55:48.484,-0.24,5.61,-8.76,-0.11,-0.10,0.02,-3.50,6.90,-5.60,-0.06,-0.07,0.03,-4.41,-2.95,9.36,0.28,0.08,-0.13,-0.59,1.91,10.28,-0.04,-0.01,-0.17
2026-05-01 17:55:51.804,-0.17,5.39,-8.97,-0.11,-0.05,-0.02,-3.53,6.86,-5.75,-0.06,0.01,0.01,-4.64,-3.07,9.29,0.21,0.05,-0.00,-0.49,1.48,10.30,-0.10,0.02,-0.01
2026-05-01 17:55:51.879,-0.45,5.09,-9.06,-0.11,0.00,0.03,-3.86,6.65,-5.81,-0.05,0.04,0.05,-4.95,-3.18,8.92,0.26,0.01,-0.01,-0.89,0.85,10.31,0.04,0.04,0.01
2026-05-01 17:55:52.079,-0.64,5.06,-9.03,-0.10,-0.02,0.01,-4.00,6.62,-5.77,-0.04,0.01,0.04,-4.91,-3.26,8.92,0.22,0.03,0.00,-0.80,0.60,10.15,-0.06,0.02,-0.01
2026-05-01 17:55:52.476,-0.58,5.11,-9.23,-0.11,-0.05,-0.01,-4.06,6.79,-5.77,-0.07,-0.01,0.02,-4.97,-3.16,8.96,0.21,0.02,-0.03,-0.96,0.97,10.50,-0.06,-0.01,-0.02
2026-05-01 17:55:52.596,-0.66,4.84,-8.83,-0.10,-0.05,-0.03,-4.05,6.45,-5.60,-0.07,-0.01,-0.01,-4.98,-3.07,8.78,0.19,0.03,0.02,-0.93,0.91,10.24,-0.07,0.02,0.03
2026-05-01 17:55:52.750,-0.55,5.07,-9.10,-0.12,-0.03,-0.01,-3.99,6.77,-5.82,-0.07,0.00,0.03,-4.99,-3.14,9.05,0.19,0.04,-0.02,-0.90,0.97,10.44,-0.11,-0.01,-0.01
2026-05-01 17:55:53.056,-0.70,5.01,-8.87,-0.12,-0.04,-0.04,-4.00,6.67,-5.61,-0.09,0.01,-0.00,-4.93,-3.12,8.92,0.21,0.01,-0.01,-0.87,0.79,10.31,-0.05,-0.02,-0.00
2026-05-01 17:55:56.658,-0.66,4.84,-8.92,-0.11,-0.03,-0.04,-4.11,6.49,-5.56,-0.08,0.01,-0.01,-4.95,-2.97,8.95,0.20,0.05,-0.02,-0.98,0.95,10.15,-0.08,0.01,-0.01
2026-05-01 17:55:56.754,-0.57,4.91,-8.83,-0.12,-0.02,-0.04,-4.00,6.41,-5.70,-0.07,0.02,-0.00,-4.88,-3.15,8.78,0.24,0.04,-0.01,-0.94,0.77,10.07,-0.05,0.02,-0.02
2026-05-01 17:55:56.921,-0.70,5.30,-9.21,-0.10,-0.09,-0.02,-4.13,6.97,-5.81,-0.07,-0.02,0.02,-5.10,-3.31,9.02,0.21,0.11,0.01,-0.94,0.86,10.61,-0.13,0.07,-0.02
2026-05-01 17:55:57.115,-0.64,4.77,-9.12,-0.15,-0.00,0.01,-4.04,6.36,-5.74,-0.07,0.03,0.06,-5.01,-3.26,8.94,0.21,0.02,-0.00,-0.89,0.72,10.46,-0.07,0.01,0.02
2026-05-01 17:55:57.359,-0.51,4.97,-9.08,-0.13,-0.03,-0.01,-3.98,6.51,-5.76,-0.08,0.01,0.03,-5.00,-3.21,8.97,0.22,0.05,-0.04,-0.91,0.82,10.38,-0.08,0.01,-0.04
2026-05-01 17:55:57.664,-0.63,5.22,-9.17,-0.14,-0.04,0.01,-4.00,6.70,-5.82,-0.07,0.00,0.05,-5.15,-3.16,9.01,0.22,0.01,-0.02,-1.06,0.79,10.37,-0.05,-0.00,-0.01
2026-05-01 17:55:58.174,-0.58,5.18,-9.17,-0.12,-0.06,0.01,-4.00,6.76,-5.77,-0.06,-0.02,0.04,-5.01,-3.20,8.98,0.17,0.05,-0.02,-0.90,0.66,10.43,-0.10,0.01,-0.01
2026-05-01 17:55:58.380,-0.47,4.81,-8.92,-0.13,0.00,-0.01,-3.83,6.52,-5.68,-0.07,0.04,0.04,-4.95,-3.09,8.84,0.21,-0.02,0.00,-1.09,0.92,10.18,-0.04,-0.03,0.02
2026-05-01 17:55:58.583,-0.60,4.98,-9.10,-0.15,-0.04,-0.03,-3.98,6.61,-5.67,-0.10,0.01,0.03,-4.97,-3.11,8.90,0.18,0.05,0.00,-0.94,0.94,10.35,-0.09,0.02,0.00
2026-05-01 17:55:58.706,-0.75,5.21,-9.14,-0.13,-0.00,-0.01,-4.13,6.76,-5.71,-0.08,0.03,0.04,-5.24,-3.28,8.91,0.18,0.03,-0.00,-1.02,0.50,10.55,-0.08,0.00,0.02
2026-05-01 17:55:59.348,-0.44,5.43,-8.83,-0.48,0.10,-0.03,-3.83,6.76,-5.63,-0.17,0.09,0.09,-4.97,-3.31,8.87,0.16,0.01,0.02,-0.79,0.71,10.59,-0.09,-0.02,0.05
2026-05-01 17:55:59.671,-8.90,3.21,4.69,-1.57,-0.06,-4.99,-2.17,4.96,10.78,-4.69,-0.58,-1.56,-5.01,-3.61,9.45,0.67,-0.01,-0.27,-0.77,1.29,11.45,0.31,-0.05,-0.37
2026-05-01 17:55:59.840,-7.61,2.12,3.62,3.58,-0.33,5.34,-3.88,-2.97,4.54,4.84,-0.78,1.96,-4.91,-3.68,9.58,0.10,0.25,0.03,-0.69,1.56,11.15,-0.30,0.12,-0.03
2026-05-01 17:55:59.968,4.37,6.77,-0.62,6.70,-0.07,0.57,0.06,8.99,-7.05,5.21,-0.00,-3.83,-5.20,-3.52,8.66,0.09,-0.04,0.06,-1.05,0.10,10.30,-0.16,-0.07,0.15
2026-05-01 17:56:00.168,1.38,9.91,-6.80,-1.17,1.18,-1.21,-4.02,4.29,-7.29,-1.59,0.93,0.15,-5.62,-3.13,8.34,0.44,-0.07,-0.02,-2.10,2.14,10.63,0.26,0.02,-0.05
2026-05-01 17:56:00.541,0.91,5.51,-7.78,-0.14,-0.01,-0.33,-3.36,6.90,-5.88,-0.28,0.05,-0.19,-4.60,-3.17,8.46,0.20,-0.04,0.11,-0.82,0.76,9.51,-0.02,0.01,0.12
2026-05-01 17:56:00.621,1.35,6.21,-8.02,-0.01,0.19,-0.01,-3.01,6.69,-5.99,0.03,0.23,-0.03,-4.75,-3.14,9.03,0.35,0.09,-0.20,-0.90,1.00,10.21,-0.02,-0.02,-0.23
2026-05-01 17:56:00.820,1.18,6.04,-8.60,0.08,0.12,-0.03,-3.50,6.97,-6.36,0.10,0.18,-0.10,-5.14,-2.93,9.21,0.31,0.10,-0.09,-1.27,1.20,10.60,-0.01,0.04,-0.14
2026-05-01 17:56:01.155,1.58,5.71,-8.63,-0.04,-0.10,0.00,-3.14,6.31,-6.50,-0.05,-0.04,0.00,-4.94,-2.99,8.97,0.19,0.02,0.05,-0.93,0.70,10.30,-0.07,0.02,0.05
2026-05-01 17:56:01.479,1.55,5.74,-8.57,-0.12,-0.02,-0.05,-3.11,6.39,-6.41,-0.10,0.02,-0.00,-4.87,-2.99,9.05,0.22,0.01,-0.05,-1.01,0.94,10.27,-0.05,-0.03,-0.04
2026-05-01 17:56:01.861,1.36,5.67,-8.74,-0.11,-0.05,-0.05,-3.28,6.43,-6.46,-0.08,0.00,-0.01,-5.17,-3.08,8.95,0.23,0.04,-0.02,-1.07,0.83,10.26,-0.06,0.02,-0.02
2026-05-01 17:56:02.271,1.42,5.41,-8.62,-0.08,-0.05,0.01,-3.24,6.22,-6.51,-0.05,0.00,0.02,-4.92,-2.92,9.05,0.21,0.04,0.01,-1.01,1.00,10.47,-0.07,0.02,0.02
2026-05-01 17:56:02.681,1.47,5.57,-8.53,-0.13,-0.04,-0.02,-3.13,6.48,-6.53,-0.10,0.00,0.03,-4.99,-3.03,8.93,0.18,0.02,0.02,-0.98,0.76,10.22,-0.08,-0.00,0.04
2026-05-01 17:56:02.884,1.42,5.65,-8.54,-0.08,-0.08,-0.03,-3.13,6.61,-6.39,-0.05,-0.02,-0.01,-4.95,-3.06,8.91,0.22,0.02,-0.02,-0.95,0.81,10.06,-0.06,-0.01,-0.02
2026-05-01 17:56:03.286,1.49,5.66,-8.63,-0.13,-0.04,-0.06,-3.20,6.54,-6.36,-0.10,0.01,-0.01,-4.98,-3.07,8.86,0.19,0.01,-0.01,-1.07,0.94,10.28,-0.07,-0.03,0.01
2026-05-01 17:56:03.490,1.46,5.53,-8.73,-0.12,-0.04,-0.01,-3.16,6.33,-6.53,-0.07,-0.00,0.03,-4.91,-3.02,9.21,0.22,0.06,-0.04,-1.00,1.00,10.35,-0.08,0.01,-0.05
2026-05-01 17:56:03.567,1.65,5.77,-9.00,-0.10,-0.10,-0.03,-3.04,6.57,-6.69,-0.07,-0.03,0.00,-5.19,-3.21,9.21,0.15,0.01,-0.02,-0.99,0.60,10.74,-0.10,-0.01,0.02
2026-05-01 17:56:03.771,1.53,5.33,-8.50,-0.11,-0.01,0.01,-3.04,6.21,-6.47,-0.06,0.03,0.04,-4.88,-2.71,8.91,0.24,0.01,0.01,-1.19,1.33,10.05,-0.03,0.02,0.01
2026-05-01 17:56:04.055,1.41,5.63,-8.67,-0.13,-0.05,-0.02,-3.27,6.27,-6.65,-0.09,-0.00,0.03,-4.94,-3.04,9.07,0.21,0.10,-0.05,-0.89,0.81,10.41,-0.10,0.04,-0.07
2026-05-01 17:56:04.222,1.67,5.62,-8.92,-0.12,-0.01,-0.02,-3.16,6.41,-6.60,-0.08,0.03,0.02,-5.36,-3.00,9.02,0.17,-0.02,0.00,-1.44,0.85,10.39,-0.07,-0.03,0.04
2026-05-01 17:56:04.425,1.37,5.41,-8.72,-0.10,0.04,-0.04,-3.21,6.29,-6.38,-0.08,0.07,-0.01,-4.91,-2.92,8.96,0.14,-0.01,0.08,-1.12,0.91,10.33,-0.08,0.00,0.11
2026-05-01 17:56:04.656,1.41,5.66,-8.69,-0.11,-0.06,-0.03,-3.20,6.31,-6.58,-0.08,-0.01,0.00,-4.97,-3.04,9.00,0.18,0.05,-0.01,-1.01,0.84,10.43,-0.10,0.01,-0.01
2026-05-01 17:56:04.990,1.41,5.31,-8.63,-0.08,-0.03,0.02,-3.17,6.31,-6.45,-0.05,0.01,0.03,-5.05,-2.99,9.01,0.23,0.02,-0.02,-1.10,1.00,10.41,-0.05,-0.00,-0.02
2026-05-01 17:56:05.222,1.49,5.42,-8.70,-0.13,-0.03,0.02,-3.25,6.28,-6.56,-0.07,0.01,0.05,-5.03,-3.05,8.88,0.21,0.04,-0.01,-1.06,0.83,10.36,-0.07,0.01,-0.01
2026-05-01 17:56:05.355,1.52,5.45,-8.66,-0.12,-0.01,-0.04,-3.22,6.45,-6.41,-0.08,0.03,0.00,-4.97,-2.93,8.84,0.18,0.02,0.02,-1.12,0.86,10.22,-0.08,0.00,0.04
2026-05-01 17:56:05.648,1.61,5.54,-8.73,-0.12,-0.03,0.02,-3.20,6.43,-6.52,-0.06,0.00,0.05,-5.03,-2.97,9.08,0.20,0.05,-0.04,-1.07,0.88,10.47,-0.09,0.00,-0.03
2026-05-01 17:56:05.732,1.49,5.52,-8.71,-0.12,-0.03,-0.03,-3.16,6.26,-6.50,-0.08,0.02,0.01,-5.10,-2.94,8.88,0.22,0.00,0.02,-1.22,0.75,10.02,0.03,0.03,0.06
2026-05-01 17:56:06.058,1.43,5.28,-8.56,-0.14,-0.07,-0.06,-3.16,6.28,-6.46,-0.12,-0.01,-0.00,-5.03,-3.25,8.98,0.28,-0.03,0.05,-1.30,0.56,9.53,-0.10,0.31,0.01
2026-05-01 17:56:06.264,1.31,5.66,-8.84,-0.14,-0.04,-0.04,-3.33,6.57,-6.59,-0.10,0.02,0.02,-5.21,-3.11,9.15,0.21,0.01,0.01,-1.80,1.01,10.39,0.00,0.15,-0.02
2026-05-01 17:56:06.418,1.33,5.35,-8.72,-0.11,-0.03,-0.08,-3.22,6.28,-6.46,-0.09,0.02,-0.03,-5.12,-2.85,9.02,0.12,0.05,0.00,-2.07,1.52,9.96,-0.30,-0.08,0.03
2026-05-01 17:56:06.621,1.32,5.69,-8.70,-0.17,0.00,-0.09,-3.31,6.58,-6.45,-0.15,0.06,0.01,-5.19,-2.73,8.78,0.21,0.07,0.01,-2.17,1.31,9.75,-0.20,0.15,0.05
2026-05-01 17:56:06.855,1.36,5.57,-8.58,-0.22,0.03,-0.06,-3.15,6.43,-6.33,-0.17,0.07,0.06,-5.05,-2.67,9.08,0.25,-0.14,0.05,-1.83,0.91,9.80,0.12,-0.02,0.06
2026-05-01 17:56:07.082,1.19,5.54,-8.31,-0.23,-0.04,-0.09,-3.34,6.69,-6.37,-0.18,0.02,0.02,-4.78,-2.59,9.22,0.27,-0.08,0.02,-1.82,2.13,10.35,0.43,-0.08,0.11
2026-05-01 17:56:07.242,1.02,5.79,-8.51,-0.03,-0.11,-0.11,-3.20,6.40,-6.06,-0.11,-0.01,-0.06,-4.60,-2.47,9.03,0.15,-0.03,0.03,-1.44,2.07,9.30,-0.09,-0.04,0.09
2026-05-01 17:56:07.445,1.04,5.98,-9.06,-0.04,-0.01,-0.01,-3.51,6.99,-6.40,-0.07,0.05,0.02,-4.94,-2.65,9.78,0.21,-0.01,-0.03,-1.56,2.41,10.58,-0.12,-0.06,0.01
2026-05-01 17:56:07.754,1.21,5.61,-8.53,-0.10,-0.04,0.05,-2.98,6.67,-6.02,-0.02,-0.01,0.05,-4.66,-2.29,9.33,0.17,-0.00,0.07,-1.55,2.44,9.97,-0.05,0.01,0.09
2026-05-01 17:56:07.895,1.07,5.86,-8.45,-0.11,-0.00,-0.07,-3.30,6.81,-6.13,-0.07,0.04,-0.02,-4.46,-2.66,9.59,0.15,0.07,0.04,-1.14,2.10,10.11,-0.13,0.08,0.02
2026-05-01 17:56:08.050,1.16,5.74,-8.55,-0.13,-0.06,0.06,-3.11,6.63,-6.18,-0.04,-0.04,0.08,-4.58,-2.35,9.52,0.20,0.05,-0.05,-1.50,2.64,10.13,-0.08,-0.01,-0.04
2026-05-01 17:56:08.444,1.21,5.56,-8.54,-0.11,-0.06,0.01,-3.04,6.61,-6.32,-0.04,-0.02,0.04,-4.71,-2.49,9.35,0.21,0.02,-0.02,-1.48,2.27,9.83,-0.05,-0.00,-0.01
2026-05-01 17:56:08.661,1.26,5.82,-8.69,-0.10,-0.03,-0.01,-3.18,6.82,-6.33,-0.05,0.01,0.02,-4.67,-2.54,9.33,0.15,0.03,0.04,-1.44,2.35,10.01,-0.10,0.02,0.05
2026-05-01 17:56:08.730,1.10,5.65,-8.65,-0.13,-0.05,-0.03,-3.31,6.63,-6.29,-0.09,0.00,0.01,-4.81,-2.60,9.35,0.19,0.06,0.01,-1.53,2.18,10.00,-0.10,0.03,0.01
2026-05-01 17:56:08.949,1.14,5.75,-8.60,-0.14,-0.06,-0.02,-3.15,6.61,-6.20,-0.08,-0.02,0.02,-4.72,-2.43,9.27,0.29,0.10,0.07,-1.62,2.31,9.76,0.08,0.17,-0.03
2026-05-01 17:56:09.155,0.42,5.98,-8.78,-0.18,-0.18,-0.03,-3.80,6.86,-5.96,-0.13,-0.10,0.03,-0.25,-2.77,14.82,4.83,-0.16,-1.48,2.66,7.30,13.67,7.24,0.72,-2.36
2026-05-01 17:56:09.494,0.80,5.91,-8.30,-0.34,-0.37,0.63,-3.09,6.95,-5.92,0.06,-0.37,0.67,-5.96,7.38,12.69,3.36,-2.99,0.11,-9.35,11.72,-6.17,4.60,0.31,2.18
2026-05-01 17:56:09.557,2.00,6.19,-7.90,-0.26,0.08,0.03,-1.63,7.14,-5.64,-0.17,0.10,0.16,-5.95,7.27,8.47,1.77,-1.47,4.90,-10.05,8.65,-1.11,1.86,3.40,2.07
2026-05-01 17:56:09.951,1.84,5.89,-8.35,-0.07,0.01,-0.30,-2.37,7.41,-6.50,-0.14,0.10,-0.24,6.30,-7.35,5.66,3.94,-1.24,3.73,10.03,0.97,7.52,4.65,3.10,-0.72
2026-05-01 17:56:10.041,-0.27,6.65,-7.96,-0.28,0.23,0.14,-4.13,7.21,-5.39,-0.05,0.22,0.21,9.67,-3.46,-0.54,-0.44,0.26,-0.50,9.33,-3.79,-4.12,-0.89,-0.24,-0.00
2026-05-01 17:56:10.246,1.36,6.55,-7.42,-0.15,-0.35,0.02,-2.26,7.23,-5.51,-0.10,-0.30,0.06,7.84,-2.27,1.57,-0.63,0.56,-0.14,7.73,-0.74,-2.04,-1.19,-0.01,0.12
2026-05-01 17:56:10.568,1.69,6.87,-8.00,-0.01,-0.01,0.01,-1.88,7.86,-5.57,0.03,0.05,-0.02,5.95,-1.79,4.59,-1.29,4.24,-2.81,5.07,-0.20,3.08,-6.47,-1.11,-2.94
2026-05-01 17:56:10.746,0.73,5.67,-7.97,0.29,-0.04,-0.17,-3.12,6.54,-5.64,0.07,0.04,-0.30,-6.90,0.50,17.01,-1.56,4.43,-2.09,-1.41,11.99,17.93,-5.44,0.77,-2.37
2026-05-01 17:56:10.882,1.32,6.81,-8.81,-0.03,0.15,-0.39,-2.83,7.29,-6.25,-0.17,0.23,-0.30,-4.19,-0.67,11.52,0.75,-0.01,0.05,0.47,6.57,10.75,0.09,0.13,-0.37
2026-05-01 17:56:11.257,0.43,5.46,-8.29,-0.06,0.03,0.11,-3.70,6.65,-5.97,0.03,0.02,0.07,-4.75,-1.98,9.86,0.12,0.05,0.01,0.57,2.95,10.32,-0.17,-0.02,0.06
2026-05-01 17:56:11.356,1.17,5.82,-8.51,-0.15,-0.04,0.05,-3.00,6.80,-6.16,-0.06,-0.02,0.09,-4.77,-1.81,9.48,0.19,0.01,0.03,0.30,3.42,9.84,-0.04,0.03,0.03
2026-05-01 17:56:12.143,1.01,5.85,-8.62,-0.14,0.00,-0.02,-3.31,6.72,-6.33,-0.07,0.03,0.03,-4.73,-1.80,9.83,0.23,-0.00,-0.00,0.25,3.77,10.09,-0.02,-0.01,0.00
2026-05-01 17:56:12.511,1.10,5.82,-8.34,-0.14,-0.05,-0.04,-3.05,6.65,-6.06,-0.11,-0.01,0.00,-4.79,-1.68,9.39,0.21,0.00,-0.06,-0.03,3.59,9.70,-0.06,-0.05,-0.02
2026-05-01 17:56:12.746,1.22,6.00,-8.44,-0.12,-0.05,-0.04,-3.02,6.81,-6.23,-0.08,0.00,0.00,-4.80,-1.77,9.68,0.21,0.06,-0.03,0.11,3.59,9.84,-0.08,0.03,-0.03
2026-05-01 17:56:12.854,0.88,5.62,-8.38,-0.12,-0.03,-0.02,-3.38,6.36,-6.08,-0.07,-0.00,0.02,-4.79,-1.70,9.29,0.23,0.04,-0.06,0.02,3.44,9.71,-0.06,-0.01,-0.06
2026-05-01 17:56:13.228,1.15,5.95,-8.54,-0.13,-0.04,-0.03,-3.15,6.85,-6.15,-0.09,0.01,0.02,-4.87,-1.83,9.46,0.19,-0.01,-0.04,0.02,3.47,9.85,-0.06,-0.04,0.00
2026-05-01 17:56:13.284,1.12,5.54,-8.48,-0.16,0.02,0.03,-3.15,6.45,-6.20,-0.09,0.05,0.08,-4.71,-1.67,9.40,0.25,-0.01,-0.04,0.10,3.56,9.62,-0.03,-0.04,-0.04
2026-05-01 17:56:13.557,1.19,5.95,-8.49,-0.12,-0.03,0.01,-3.06,6.75,-6.26,-0.06,0.01,0.04,-4.70,-1.65,9.44,0.21,0.02,0.01,0.06,3.61,9.77,-0.03,0.02,0.00
2026-05-01 17:56:17.243,1.17,5.77,-8.43,-0.12,-0.04,-0.04,-3.14,6.63,-6.22,-0.08,0.01,0.00,-4.72,-1.80,9.53,0.23,0.05,0.01,0.10,3.48,9.81,-0.07,0.03,-0.02
2026-05-01 17:56:17.631,1.02,5.61,-8.78,-0.09,-0.08,-0.03,-3.41,6.56,-6.33,-0.05,-0.02,-0.01,-5.27,-1.77,9.56,0.29,0.02,-0.02,-0.63,3.51,10.11,0.07,0.13,-0.14
2026-05-01 17:56:18.041,0.91,5.76,-8.61,-0.11,-0.04,-0.03,-3.37,6.63,-6.20,-0.08,0.01,0.00,-3.93,0.11,7.94,-0.21,0.21,0.08,-0.57,3.36,9.98,-0.35,0.10,-0.22
2026-05-01 17:56:18.403,0.80,5.77,-8.52,-0.16,-0.05,-0.03,-3.62,6.65,-6.11,-0.07,-0.00,0.02,-5.10,-1.61,8.99,0.18,0.01,0.02,-0.77,3.75,9.76,0.10,-0.06,0.06
2026-05-01 17:56:19.660,0.91,5.87,-8.65,-0.10,-0.03,-0.01,-3.49,6.66,-6.21,-0.06,0.01,0.01,-5.00,-1.53,9.47,0.20,0.04,0.01,-0.62,3.95,9.59,-0.08,0.03,0.00
2026-05-01 17:56:20.040,0.85,5.62,-8.58,-0.14,0.04,-0.14,-3.62,6.39,-6.36,-0.16,0.08,-0.06,-5.10,-1.82,9.40,-0.10,0.03,0.06,-0.43,3.31,10.09,-0.32,-0.01,0.23
2026-05-01 17:56:20.857,0.89,5.54,-8.74,-0.12,-0.00,-0.05,-3.41,6.40,-6.47,-0.08,0.04,0.00,-5.12,-1.89,9.07,0.24,0.06,-0.02,-0.54,3.33,10.01,-0.07,0.02,-0.04
2026-05-01 17:56:20.857,0.85,5.82,-8.49,-0.14,-0.02,-0.03,-3.44,6.54,-6.02,-0.10,0.03,0.03,-5.00,-1.53,9.26,0.21,0.01,-0.01,-0.67,4.03,9.53,-0.07,-0.01,0.01
2026-05-01 17:56:21.148,0.56,6.64,-9.95,-0.70,-0.63,0.35,-4.04,7.29,-6.01,-0.40,-0.63,0.71,-5.11,-1.74,8.84,0.05,-0.02,0.20,-0.75,3.26,9.22,-0.11,0.10,0.24
2026-05-01 17:56:21.548,0.33,7.13,-7.36,-0.29,0.08,-0.54,-3.53,7.31,-5.27,0.02,0.21,-0.51,-5.20,-1.93,9.35,0.28,-0.04,-0.17,-0.52,3.38,10.08,-0.00,-0.14,-0.11
2026-05-01 17:56:21.891,-3.96,10.54,8.34,-1.88,-0.09,2.34,-4.24,9.50,-1.81,-1.58,1.74,2.47,-4.63,-1.86,9.83,0.13,-0.16,0.43,0.10,3.18,9.64,0.08,0.18,0.41
2026-05-01 17:56:22.035,12.70,-6.74,-12.50,-0.86,-0.97,1.54,10.11,-0.31,-9.22,0.45,-0.32,1.24,-4.18,-1.97,10.54,0.26,0.38,-0.02,0.74,3.97,10.98,-0.39,0.17,-0.21
2026-05-01 17:56:22.260,8.65,-2.09,1.85,0.63,0.02,0.50,7.77,-1.60,-4.36,0.65,0.06,-0.16,-5.05,-0.77,9.24,0.21,-0.18,-0.08,-1.25,4.18,8.83,0.09,-0.16,0.07
2026-05-01 17:56:22.359,1.00,5.70,-8.67,-0.12,-0.06,-0.01,-3.44,6.23,-6.47,-0.07,-0.02,0.03,-5.15,-1.95,9.10,0.22,0.00,-0.01,-0.49,3.00,9.95,-0.05,-0.02,-0.01
2026-05-01 17:56:23.058,3.30,1.06,-0.33,3.49,0.71,-2.34,5.92,6.70,0.09,0.39,1.16,-3.83,-4.10,-1.12,10.03,0.37,0.05,-0.18,0.13,4.30,9.92,0.00,-0.10,-0.22
2026-05-01 17:56:23.468,1.73,6.55,-9.95,-1.72,0.61,-0.46,-3.21,6.63,-7.75,-1.61,0.54,1.01,-6.08,-2.18,11.89,0.27,-0.23,-0.17,-0.50,5.96,13.41,0.02,-0.37,-0.02
2026-05-01 17:56:23.672,1.31,5.49,-7.93,-0.15,0.00,0.01,-2.60,6.36,-5.94,-0.07,0.02,0.06,-4.44,-1.77,9.06,0.16,-0.06,0.00,-0.01,3.02,9.39,-0.06,-0.09,0.08
2026-05-01 17:56:23.877,1.55,6.01,-8.43,-0.13,0.01,-0.02,-2.41,7.16,-6.16,-0.08,0.04,0.04,-4.87,-1.73,9.76,0.26,0.03,-0.08,-0.14,3.56,10.05,-0.05,-0.01,-0.09
2026-05-01 17:56:24.082,1.44,5.16,-8.42,-0.06,-0.03,0.01,-2.64,6.37,-6.11,-0.04,0.00,0.01,-4.55,-1.78,9.11,0.15,-0.02,0.03,-0.08,2.87,9.61,-0.09,-0.03,0.08
2026-05-01 17:56:24.286,1.49,6.08,-8.83,-0.09,-0.01,-0.02,-2.72,7.32,-6.45,-0.05,0.04,0.02,-4.84,-1.87,9.57,0.25,0.00,-0.09,-0.11,3.33,10.09,-0.04,-0.06,-0.08
2026-05-01 17:56:24.455,1.46,5.49,-8.30,-0.19,-0.10,0.04,-2.60,6.50,-6.13,-0.11,-0.07,0.10,-4.68,-1.92,9.01,0.22,0.02,-0.05,-0.13,2.89,9.66,-0.07,-0.04,-0.02
2026-05-01 17:56:24.701,1.74,5.85,-8.73,-0.12,-0.02,-0.08,-2.39,7.02,-6.43,-0.09,0.04,-0.03,-4.85,-1.78,9.69,0.24,0.05,-0.05,-0.06,3.36,10.33,-0.07,-0.00,-0.06
2026-05-01 17:56:24.856,1.32,5.49,-8.62,-0.10,-0.03,-0.02,-2.85,6.51,-6.36,-0.07,0.01,0.01,-4.81,-2.04,9.22,0.21,0.04,0.00,-0.04,2.86,9.80,-0.08,0.02,0.01
2026-05-01 17:56:25.156,1.47,5.98,-8.71,-0.10,-0.09,-0.07,-2.58,7.08,-6.19,-0.09,-0.02,-0.03,-4.81,-1.89,9.52,0.17,0.06,-0.03,0.01,3.25,10.08,-0.11,0.01,-0.01
2026-05-01 17:56:25.341,1.20,5.45,-8.60,-0.15,-0.03,0.03,-2.89,6.56,-6.29,-0.08,-0.00,0.08,-4.84,-2.23,9.34,0.15,-0.02,0.01,0.04,2.59,10.05,-0.09,-0.04,0.06
2026-05-01 17:56:25.706,1.47,5.44,-8.30,-0.11,0.00,-0.03,-2.58,6.53,-6.09,-0.07,0.04,0.00,-4.52,-1.94,8.77,0.23,-0.00,0.04,-0.08,2.94,9.31,-0.04,-0.00,0.03
2026-05-01 17:56:25.955,1.58,5.74,-9.00,-0.10,-0.10,-0.09,-2.70,6.91,-6.52,-0.10,-0.02,-0.05,-5.00,-1.82,9.71,0.21,0.04,-0.06,-0.11,3.03,10.32,-0.08,0.01,-0.05
2026-05-01 17:56:26.056,1.21,5.48,-9.21,-0.04,-0.09,0.18,-3.09,7.17,-6.48,0.09,-0.04,0.12,-4.81,-2.05,9.50,0.36,0.07,-0.10,0.08,3.13,10.45,0.01,-0.00,-0.17
2026-05-01 17:56:26.211,1.42,5.84,-8.35,-0.19,-0.04,-0.11,-2.73,6.44,-6.23,-0.18,0.01,-0.01,-5.15,-2.25,9.08,-0.01,-0.07,0.06,-0.25,2.40,9.97,-0.16,-0.06,0.20
2026-05-01 17:56:26.654,1.20,5.35,-8.49,-0.19,-0.04,0.02,-2.93,6.47,-6.22,-0.04,-0.02,0.05,-4.88,-1.94,9.34,0.27,0.08,-0.02,-0.14,3.20,10.07,-0.06,0.05,-0.07
2026-05-01 17:56:27.446,1.33,5.62,-8.56,-0.14,-0.01,-0.01,-2.77,6.68,-6.22,-0.08,0.03,0.04,-5.01,-1.81,9.26,0.21,0.00,-0.02,-0.31,3.02,9.91,-0.04,-0.02,-0.00
2026-05-01 17:56:27.728,1.38,5.43,-8.71,-0.09,-0.05,0.01,-2.89,6.60,-6.40,-0.05,-0.00,0.03,-5.09,-1.90,9.32,0.18,0.03,0.01,-0.25,2.90,10.09,-0.08,0.01,0.02
2026-05-01 17:56:28.344,1.34,5.61,-8.66,-0.10,0.09,0.03,-2.96,6.51,-6.30,-0.00,0.11,0.05,-4.85,-1.92,9.24,0.20,-0.03,0.01,-0.05,2.83,10.05,-0.03,-0.03,0.04
2026-05-01 17:56:28.597,1.50,5.61,-8.77,-0.12,0.00,-0.04,-2.77,6.63,-6.48,-0.08,0.04,0.01,-4.88,-1.83,9.38,0.18,0.03,0.03,-0.02,3.02,9.83,-0.07,0.03,0.04
2026-05-01 17:56:28.859,1.48,5.66,-8.63,-0.12,-0.06,-0.05,-2.63,6.59,-6.26,-0.09,-0.01,-0.00,-4.92,-1.87,9.31,0.19,0.04,-0.03,-0.22,3.07,10.00,-0.09,-0.01,-0.02
2026-05-01 17:56:29.072,1.16,5.44,-8.48,-0.11,-0.01,-0.06,-2.94,6.42,-6.28,-0.08,0.04,-0.01,-4.95,-1.97,9.13,0.20,0.04,0.02,-0.18,2.72,9.94,-0.08,0.03,0.02
2026-05-01 17:56:29.323,1.41,5.62,-8.73,-0.11,-0.05,0.01,-2.77,6.76,-6.27,-0.07,-0.01,0.03,-4.93,-1.75,9.25,0.20,0.03,-0.02,-0.20,3.08,9.96,-0.06,-0.00,-0.01
2026-05-01 17:56:29.377,1.35,5.57,-8.72,-0.10,-0.09,0.01,-2.95,6.60,-6.42,-0.04,-0.04,0.02,-5.11,-1.96,9.28,0.20,0.06,-0.02,-0.22,2.86,10.24,-0.10,0.02,-0.02
2026-05-01 17:56:29.771,1.37,5.61,-8.72,-0.14,-0.01,-0.03,-2.88,6.75,-6.37,-0.09,0.03,0.02,-5.02,-1.97,9.37,0.19,0.02,0.01,-0.18,2.82,10.11,-0.07,0.01,0.03
2026-05-01 17:56:29.832,1.37,5.64,-8.53,-0.12,-0.06,0.02,-2.75,6.68,-6.31,-0.05,-0.02,0.04,-4.89,-1.97,9.24,0.25,0.05,-0.05,-0.22,2.88,9.97,-0.06,-0.01,-0.05
2026-05-01 17:56:29.845,1.21,5.48,-8.74,-0.10,-0.05,-0.05,-3.01,6.74,-6.38,-0.09,-0.01,-0.01,-5.10,-2.00,9.21,0.21,0.03,-0.01,-0.27,2.75,10.03,-0.06,0.01,-0.00
2026-05-01 17:56:30.256,1.26,5.54,-8.60,-0.13,-0.02,-0.00,-3.01,6.53,-6.31,-0.08,0.01,0.04,-4.98,-2.03,9.24,0.18,0.02,-0.00,-0.15,2.75,9.99,-0.07,-0.00,0.02
2026-05-01 17:56:30.453,1.31,5.51,-8.64,-0.14,-0.04,-0.02,-3.00,6.49,-6.31,-0.08,0.01,0.02,-4.97,-2.05,9.11,0.20,0.04,-0.01,-0.23,2.82,9.97,-0.08,0.00,-0.00
2026-05-01 17:56:30.539,1.27,5.47,-8.76,-0.12,-0.02,0.00,-2.98,6.55,-6.28,-0.06,0.02,0.03,-5.04,-1.95,9.21,0.22,0.01,-0.01,-0.13,2.73,10.15,-0.05,-0.01,-0.00
2026-05-01 17:56:30.740,1.24,5.60,-8.81,-0.11,-0.06,-0.01,-3.04,6.59,-6.42,-0.06,-0.02,0.02,-5.11,-2.01,9.37,0.21,0.03,-0.02,-0.24,2.82,10.03,-0.05,-0.01,-0.01
2026-05-01 17:56:31.174,1.34,5.46,-8.83,-0.13,-0.06,-0.00,-2.95,6.62,-6.39,-0.07,-0.01,0.03,-4.96,-2.09,9.36,0.25,-0.04,-0.03,0.02,2.96,9.92,0.02,-0.06,-0.01
2026-05-01 17:56:31.453,1.22,5.60,-8.89,-0.13,-0.05,0.02,-2.98,6.66,-6.40,-0.07,-0.02,0.05,-4.71,-1.87,9.68,0.24,-0.21,0.06,0.15,3.27,10.16,0.12,-0.13,0.13
2026-05-01 17:56:31.530,1.44,5.57,-8.91,-0.11,-0.06,0.01,-2.90,6.74,-6.49,-0.06,0.00,0.04,-4.51,-1.95,9.30,0.19,0.09,-0.08,0.29,3.07,9.76,-0.14,0.01,-0.05
2026-05-01 17:56:31.864,1.09,5.54,-8.51,-0.17,-0.09,0.06,-2.98,6.82,-6.17,-0.08,-0.05,0.10,-3.86,-2.33,10.61,0.31,-0.20,-0.38,1.63,3.36,10.82,0.06,-0.41,-0.22
2026-05-01 17:56:31.995,1.17,5.67,-8.59,-0.12,-0.12,0.10,-2.99,6.65,-6.10,-0.01,-0.08,0.11,-4.01,-0.42,10.16,0.37,-0.62,0.08,-0.53,6.16,8.22,0.85,-0.17,0.26
2026-05-01 17:56:32.150,1.11,5.90,-8.61,-0.17,-0.06,0.19,-2.90,6.43,-5.85,0.06,-0.06,0.19,-4.75,2.03,6.21,4.79,1.42,2.42,-4.63,-1.77,0.20,7.44,4.62,-3.26
2026-05-01 17:56:32.456,1.51,5.17,-8.50,-0.02,-0.32,0.14,-2.68,7.01,-6.51,0.00,-0.27,0.06,-11.89,4.92,-1.37,4.86,4.52,-2.66,-19.58,-0.13,-0.35,5.12,-1.29,-5.88
2026-05-01 17:56:32.684,1.80,5.23,-8.70,-0.03,0.12,-0.35,-2.38,6.67,-6.41,-0.22,0.16,-0.29,-8.98,2.24,-2.54,0.28,1.69,-1.92,-10.08,-3.47,-2.46,0.30,-1.76,-1.77
2026-05-01 17:56:32.824,-0.51,5.77,-8.30,-0.43,-0.02,0.34,-4.73,6.53,-5.50,-0.02,-0.06,0.45,-8.69,4.48,1.90,1.26,-1.45,1.32,-10.32,3.63,-6.52,0.76,1.46,1.38
2026-05-01 17:56:33.039,2.51,5.51,-8.66,-0.35,-0.39,-0.13,-1.43,7.08,-6.42,-0.36,-0.24,0.05,-17.28,2.75,-8.69,-0.80,-4.95,2.34,-22.35,-7.80,-0.77,-5.22,1.82,5.58
2026-05-01 17:56:33.256,1.24,5.74,-7.82,-0.05,0.36,-0.08,-2.15,7.56,-5.38,-0.01,0.41,-0.05,-7.37,-0.71,5.60,-3.03,-2.24,-0.86,-8.74,-0.00,1.62,-4.62,-4.12,2.83
2026-05-01 17:56:33.428,1.96,5.93,-8.42,0.09,0.19,-0.13,-2.14,7.24,-6.46,-0.01,0.21,-0.18,-0.74,-2.89,12.25,-0.72,1.02,1.39,2.06,5.81,10.19,-1.79,0.87,0.82
2026-05-01 17:56:33.631,1.12,5.41,-7.90,-0.11,0.07,-0.01,-2.87,6.45,-5.91,-0.01,0.08,0.00,-2.57,-3.37,9.53,-0.16,-0.15,0.17,1.18,2.59,9.74,-0.41,-0.11,0.45
2026-05-01 17:56:33.855,1.67,5.92,-8.53,-0.11,-0.06,0.01,-2.39,7.10,-6.25,-0.05,-0.00,0.04,-4.04,-3.86,9.65,0.01,0.04,-0.02,0.23,2.15,10.41,-0.36,-0.08,0.12
2026-05-01 17:56:34.055,1.89,5.48,-8.51,-0.10,0.05,0.02,-2.37,6.40,-6.56,-0.04,0.06,0.05,-3.20,-3.38,9.72,0.29,0.06,-0.09,0.69,2.83,9.87,-0.04,-0.01,-0.09
2026-05-01 17:56:34.322,1.80,5.88,-8.45,-0.14,-0.08,-0.02,-2.43,6.82,-6.44,-0.09,-0.03,0.04,-3.47,-3.62,9.85,0.20,0.05,-0.06,0.70,2.34,10.32,-0.13,-0.05,-0.03
2026-05-01 17:56:34.557,1.94,5.51,-8.58,-0.12,-0.01,-0.01,-2.41,6.68,-6.59,-0.06,0.03,0.03,-3.50,-3.63,9.58,0.20,-0.06,-0.07,0.55,2.29,10.11,-0.06,-0.12,0.02
2026-05-01 17:56:34.755,1.99,5.72,-8.54,-0.12,-0.05,-0.02,-2.29,6.60,-6.62,-0.08,-0.01,0.02,-3.36,-3.65,9.72,0.23,0.10,-0.02,0.75,2.30,10.31,-0.12,0.05,-0.04
2026-05-01 17:56:34.915,1.90,5.61,-8.60,-0.10,-0.01,-0.05,-2.42,6.61,-6.57,-0.06,0.03,-0.02,-3.40,-3.54,9.61,0.20,0.04,0.01,0.66,2.23,10.14,-0.08,0.02,0.01
2026-05-01 17:56:35.118,1.81,5.67,-8.45,-0.15,-0.05,0.00,-2.41,6.67,-6.39,-0.10,-0.01,0.06,-3.34,-3.70,9.66,0.21,0.01,-0.02,0.78,2.15,10.18,-0.08,-0.03,-0.00
2026-05-01 17:56:35.456,1.91,5.62,-8.60,-0.10,-0.03,-0.03,-2.49,6.71,-6.52,-0.06,0.02,-0.01,-3.42,-3.65,9.68,0.20,0.05,-0.00,0.65,2.18,10.37,-0.11,0.01,-0.00
2026-05-01 17:56:35.703,1.80,5.53,-8.58,-0.13,-0.05,0.01,-2.53,6.50,-6.48,-0.08,-0.01,0.04,-3.37,-3.65,9.53,0.19,-0.01,-0.00,0.65,2.03,9.83,-0.08,-0.03,0.03
2026-05-01 17:56:35.961,1.88,5.61,-8.38,-0.14,-0.00,-0.01,-2.31,6.63,-6.33,-0.08,0.03,0.03,-3.25,-3.65,9.72,0.21,-0.01,-0.02,0.89,2.32,10.04,-0.04,-0.02,0.01
2026-05-01 17:56:36.165,1.76,5.70,-8.51,-0.08,-0.09,-0.05,-2.63,6.56,-6.41,-0.07,-0.02,-0.03,-3.45,-3.76,9.63,0.18,0.05,-0.01,0.78,1.96,10.25,-0.10,0.02,-0.00
2026-05-01 17:56:36.883,1.74,5.64,-8.84,-0.10,-0.04,-0.05,-2.66,6.88,-6.55,-0.08,0.01,-0.02,-3.62,-3.85,9.69,0.19,0.01,-0.02,0.75,1.84,10.72,-0.08,-0.02,0.00
2026-05-01 17:56:37.189,1.65,5.47,-8.53,-0.13,-0.02,-0.01,-2.58,6.70,-6.51,-0.08,0.03,0.04,-3.47,-3.85,9.71,0.21,0.01,0.01,0.81,1.91,10.39,-0.07,-0.01,0.03
2026-05-01 17:56:37.804,1.83,5.68,-8.60,-0.14,-0.01,0.00,-2.51,6.73,-6.50,-0.07,0.02,0.05,-3.42,-3.87,9.77,0.20,0.04,-0.04,0.83,1.99,10.50,-0.09,-0.01,-0.03
2026-05-01 17:56:38.443,1.77,5.43,-8.71,-0.11,-0.03,-0.03,-2.68,6.61,-6.66,-0.08,0.02,0.00,-3.50,-3.84,9.68,0.20,-0.01,0.01,0.81,1.75,10.33,-0.05,-0.00,0.03
2026-05-01 17:56:38.945,1.73,5.70,-8.68,-0.12,-0.06,-0.02,-2.62,6.87,-6.49,-0.08,-0.01,0.02,-3.52,-3.90,9.59,0.19,0.04,-0.02,0.74,1.69,10.30,-0.10,-0.01,-0.00
2026-05-01 17:56:39.345,1.46,5.30,-8.77,-0.09,-0.02,-0.05,-3.01,6.40,-6.43,-0.07,0.03,-0.02,-3.59,-4.04,9.33,0.21,0.03,-0.01,0.80,1.23,10.28,-0.08,0.00,-0.01
2026-05-01 17:56:39.950,1.53,5.20,-8.80,-0.09,-0.05,-0.00,-2.97,6.48,-6.73,-0.04,-0.00,0.01,-3.64,-3.99,9.38,0.20,0.01,0.02,0.74,1.37,10.46,-0.08,0.01,0.04
2026-05-01 17:56:40.262,1.54,5.38,-8.82,-0.14,-0.04,-0.02,-2.91,6.50,-6.53,-0.08,0.01,0.03,-3.58,-3.90,9.39,0.18,-0.01,-0.02,0.72,1.39,10.36,-0.07,-0.04,0.02
2026-05-01 17:56:40.466,1.70,5.37,-8.69,-0.08,-0.03,-0.03,-2.61,6.56,-6.50,-0.07,0.04,-0.00,-3.47,-3.96,9.64,0.21,0.01,0.02,0.91,1.67,10.56,-0.04,0.01,0.03
2026-05-01 17:56:40.671,1.79,5.56,-8.71,-0.09,-0.03,0.03,-2.55,6.68,-6.59,-0.04,0.01,0.05,-3.27,-3.76,9.69,0.22,0.02,-0.00,0.95,1.92,10.41,-0.04,-0.01,-0.00
2026-05-01 17:56:41.090,1.80,5.45,-8.69,-0.14,-0.03,0.02,-2.54,6.56,-6.58,-0.07,-0.00,0.05,-3.30,-3.81,9.64,0.20,0.05,-0.01,0.98,1.78,10.45,-0.09,0.01,-0.01
2026-05-01 17:56:41.593,1.88,5.59,-8.81,-0.10,-0.03,-0.02,-2.62,6.65,-6.66,-0.06,0.02,0.02,-3.44,-3.88,9.60,0.22,0.02,-0.01,0.85,1.72,10.32,-0.04,0.01,-0.01
2026-05-01 17:56:41.958,1.83,5.48,-8.64,-0.13,-0.02,-0.00,-2.49,6.58,-6.49,-0.08,0.01,0.05,-3.33,-3.87,9.81,0.20,0.04,-0.00,1.04,1.87,10.33,-0.08,0.01,0.00
2026-05-01 17:56:42.056,1.84,5.48,-8.63,-0.13,-0.05,0.00,-2.43,6.63,-6.63,-0.07,-0.01,0.04,-3.30,-3.82,9.56,0.20,0.06,-0.03,0.92,1.88,10.38,-0.09,0.01,-0.03
2026-05-01 17:56:42.311,1.75,5.50,-8.60,-0.13,-0.04,-0.02,-2.53,6.55,-6.45,-0.08,0.00,0.03,-3.29,-3.79,9.57,0.20,0.02,0.00,0.97,1.84,10.28,-0.07,0.00,0.00
2026-05-01 17:56:42.451,1.87,5.34,-8.67,-0.13,-0.01,-0.01,-2.51,6.65,-6.62,-0.06,0.03,0.04,-3.44,-3.87,9.58,0.23,0.03,-0.03,0.89,1.71,10.50,-0.06,0.00,-0.02
2026-05-01 17:56:42.756,1.85,5.54,-8.69,-0.15,-0.01,-0.02,-2.55,6.57,-6.58,-0.10,0.03,0.05,-3.28,-3.88,9.57,0.20,0.01,0.02,1.03,1.76,10.26,-0.07,-0.00,0.04
2026-05-01 17:56:43.077,1.94,5.41,-8.62,-0.13,-0.03,-0.05,-2.47,6.64,-6.60,-0.10,0.01,0.02,-3.30,-3.75,9.69,0.19,0.03,-0.02,0.97,1.85,10.37,-0.07,-0.02,-0.01
2026-05-01 17:56:43.154,2.79,4.56,-9.04,0.08,-0.03,-0.13,-1.47,6.49,-7.15,-0.12,0.10,-0.14,-3.33,-3.78,9.66,0.19,0.05,0.01,0.94,1.69,10.22,-0.09,0.02,0.01
2026-05-01 17:56:43.557,-3.17,5.14,-3.19,-3.31,-0.17,-2.70,-4.66,8.18,-4.43,-2.32,0.96,-1.01,-3.71,-3.87,9.90,0.18,-0.01,-0.01,0.76,1.86,11.04,-0.07,-0.04,0.04
2026-05-01 17:56:43.640,-17.30,2.64,1.13,-2.35,-2.23,-5.85,-9.22,6.80,4.98,-2.93,-2.37,-2.96,-2.97,-4.27,10.34,0.11,0.23,0.29,1.77,1.44,11.00,-0.20,0.32,0.15
2026-05-01 17:56:43.835,-7.54,4.99,2.43,-1.03,-0.65,-2.37,-7.84,-4.24,5.35,-1.32,-1.00,-1.04,-3.38,-4.14,9.01,0.10,-0.09,-0.03,0.94,1.11,9.69,-0.04,-0.10,0.06
2026-05-01 17:56:44.056,-5.11,0.46,3.63,-2.92,-0.94,0.52,-2.81,4.65,3.79,-1.54,0.25,1.71,-3.75,-3.79,9.39,0.39,-0.01,-0.38,0.26,2.18,10.34,0.12,-0.19,-0.35
2026-05-01 17:56:44.257,-12.63,0.06,1.64,-2.08,-1.70,4.58,-4.57,7.66,7.61,1.30,0.43,4.29,-3.53,-3.55,9.50,0.29,0.02,0.18,0.46,1.64,9.81,0.02,0.17,0.10
2026-05-01 17:56:44.437,-9.62,7.25,3.11,6.05,-1.81,6.35,-3.18,8.87,-0.52,5.76,-0.44,2.13,-3.28,-3.44,9.63,0.25,0.08,0.09,0.80,1.79,10.14,-0.03,0.13,-0.00
2026-05-01 17:56:44.857,-0.69,7.73,-3.97,2.70,-0.60,2.69,-3.23,14.04,-5.25,3.15,-0.72,0.68,-3.90,-3.76,9.92,0.26,0.13,-0.17,0.40,2.21,11.56,-0.07,-0.03,-0.19
2026-05-01 17:56:44.955,3.67,4.05,-9.59,-0.02,-0.21,0.77,-0.66,7.75,-6.87,0.38,-0.28,0.47,-3.51,-3.65,9.69,0.12,-0.07,-0.02,0.69,1.70,10.43,-0.08,-0.09,0.07
2026-05-01 17:56:45.108,3.14,5.39,-9.07,0.07,-0.18,0.04,-1.54,6.74,-7.25,0.01,-0.11,-0.03,-3.65,-3.45,9.84,0.22,0.04,-0.04,0.41,2.10,10.30,-0.06,-0.01,-0.04
2026-05-01 17:56:45.269,2.97,4.19,-8.81,-0.24,-0.03,-0.12,-1.94,5.69,-7.33,-0.18,0.02,0.02,-3.25,-3.67,9.61,0.10,-0.03,0.02,0.76,2.16,10.36,-0.13,-0.07,0.11
2026-05-01 17:56:45.466,2.92,5.32,-9.02,-0.16,-0.02,-0.14,-1.91,6.50,-7.25,-0.19,0.04,-0.04,-3.37,-3.76,9.73,0.30,-0.05,-0.05,0.79,2.43,10.56,0.03,-0.07,-0.01
2026-05-01 17:56:45.891,2.75,5.34,-8.57,-0.12,0.03,-0.05,-1.72,6.72,-6.78,-0.09,0.08,0.01,-3.19,-3.62,9.63,0.22,-0.01,-0.01,0.86,1.88,10.04,-0.03,-0.02,0.01
2026-05-01 17:56:46.098,3.03,5.24,-8.90,-0.15,-0.05,-0.02,-1.64,6.60,-7.01,-0.11,-0.01,0.04,-3.10,-3.67,9.87,0.20,0.03,-0.01,1.05,2.28,10.46,-0.06,-0.00,-0.01
2026-05-01 17:56:47.146,2.47,5.16,-8.89,-0.06,-0.19,-0.12,-2.08,6.76,-6.88,-0.08,-0.08,-0.12,-3.36,-3.91,9.64,0.15,0.04,0.03,0.87,1.79,10.54,-0.11,0.02,0.04
2026-05-01 17:56:47.532,1.31,5.00,-8.50,-0.21,-0.36,-0.26,-3.03,6.34,-6.39,-0.29,-0.30,-0.19,-3.62,-3.56,9.64,0.34,0.21,-0.02,0.40,1.98,10.22,-0.05,0.16,-0.16
2026-05-01 17:56:47.946,1.37,4.76,-9.18,-0.14,-0.03,0.01,-3.13,6.16,-6.70,-0.08,-0.01,0.05,-4.17,-3.44,9.44,0.23,-0.02,-0.03,-0.09,1.77,10.26,-0.01,-0.05,-0.01
2026-05-01 17:56:48.352,1.52,4.93,-9.27,-0.12,-0.04,-0.02,-2.92,6.33,-6.64,-0.11,0.01,0.03,-4.07,-3.49,9.51,0.20,0.06,-0.04,0.09,2.03,10.63,-0.12,-0.01,-0.03
2026-05-01 17:56:48.555,1.37,4.83,-9.13,-0.14,-0.02,-0.00,-3.05,6.41,-6.49,-0.08,0.01,0.05,-3.99,-3.65,9.45,0.17,0.06,-0.01,0.17,1.80,10.45,-0.12,0.03,-0.00
2026-05-01 17:56:51.360,1.32,4.87,-9.35,-0.12,-0.07,0.02,-3.23,6.38,-6.57,-0.06,-0.03,0.05,-4.01,-3.51,9.38,0.23,0.06,-0.04,0.17,1.80,10.37,-0.07,0.01,-0.05
2026-05-01 17:56:51.558,1.43,4.82,-9.28,-0.13,0.00,-0.02,-3.07,6.31,-6.53,-0.09,0.04,0.02,-4.16,-3.51,9.31,0.17,-0.02,-0.01,-0.10,1.73,10.31,-0.06,-0.04,0.03
2026-05-01 17:56:51.733,1.48,4.85,-9.16,-0.11,-0.11,-0.01,-3.04,6.46,-6.54,-0.08,-0.06,0.01,-4.18,-3.58,9.48,0.20,0.01,0.01,-0.02,1.78,10.63,-0.06,-0.01,0.02
2026-05-01 17:56:52.037,1.41,4.79,-9.20,-0.10,-0.02,-0.04,-3.22,6.39,-6.59,-0.06,0.02,-0.01,-4.25,-3.61,9.28,0.15,0.03,0.05,-0.06,1.43,10.16,-0.10,0.03,0.06
2026-05-01 17:56:52.447,1.19,4.67,-9.12,-0.11,-0.03,0.01,-3.33,6.07,-6.42,-0.05,-0.01,0.03,-4.12,-3.51,9.17,0.20,0.02,0.01,-0.02,1.57,10.21,-0.09,-0.00,0.03
2026-05-01 17:56:52.857,1.42,4.49,-9.31,-0.13,-0.03,-0.03,-3.24,6.09,-6.62,-0.09,0.02,0.02,-4.27,-3.57,9.28,0.19,0.03,0.00,0.00,1.47,10.31,-0.09,0.00,0.02
2026-05-01 17:56:53.266,1.25,4.62,-9.24,-0.12,-0.03,-0.01,-3.49,6.22,-6.48,-0.07,0.01,0.02,-4.31,-3.77,9.30,0.14,0.00,0.04,0.07,1.31,10.52,-0.10,0.00,0.07
2026-05-01 17:56:53.677,1.22,4.82,-9.15,-0.12,-0.05,-0.02,-3.34,6.28,-6.48,-0.08,0.01,0.02,-4.20,-3.62,9.16,0.21,0.01,-0.01,0.04,1.39,10.34,-0.04,-0.01,-0.01
2026-05-01 17:56:53.756,1.32,4.93,-9.17,-0.12,-0.02,0.01,-3.28,6.43,-6.50,-0.05,0.01,0.04,-4.17,-3.62,9.25,0.20,0.02,-0.02,0.09,1.58,10.37,-0.06,-0.01,-0.00
2026-05-01 17:56:54.067,1.38,4.82,-9.19,-0.12,-0.01,-0.03,-3.15,6.23,-6.51,-0.08,0.02,0.02,-4.15,-3.59,9.29,0.18,-0.00,-0.01,0.06,1.55,10.31,-0.07,-0.03,0.03
2026-05-01 17:56:54.442,1.36,4.71,-9.26,-0.12,-0.02,-0.01,-3.26,6.30,-6.55,-0.07,0.02,0.03,-4.10,-3.65,9.41,0.21,-0.01,-0.01,0.14,1.56,10.33,-0.05,-0.02,0.02
2026-05-01 17:56:54.906,1.47,4.70,-9.34,-0.12,-0.04,-0.02,-3.13,6.46,-6.59,-0.08,0.01,0.02,-4.05,-3.69,9.29,0.20,-0.02,-0.03,0.16,1.69,10.29,-0.04,-0.06,0.01
2026-05-01 17:56:55.312,1.32,4.78,-9.16,-0.13,-0.03,-0.01,-3.15,6.33,-6.51,-0.09,0.01,0.03,-3.58,-3.77,9.44,0.22,-0.07,-0.07,0.73,1.74,10.06,-0.01,-0.11,0.01
2026-05-01 17:56:55.520,1.24,4.94,-9.34,-0.13,-0.10,0.05,-3.44,6.80,-6.53,-0.05,-0.05,0.07,-0.02,-0.48,19.29,2.00,-1.06,0.10,3.14,13.80,11.87,5.01,0.85,-0.40
2026-05-01 17:56:55.781,0.50,5.04,-8.68,-0.33,-0.05,0.49,-3.69,6.67,-5.96,0.08,-0.09,0.55,-3.90,3.18,-2.21,4.89,2.00,-1.20,-7.83,2.20,-2.14,5.31,3.02,-2.56
2026-05-01 17:56:56.043,2.43,4.66,-8.73,-0.06,-0.55,0.18,-1.61,6.96,-6.53,-0.00,-0.53,0.08,-2.60,7.63,2.32,0.23,-0.55,-0.23,-2.94,1.16,-5.48,-0.01,-0.32,0.48
2026-05-01 17:56:56.340,1.48,5.65,-9.29,-0.43,0.41,-0.50,-2.81,6.89,-6.47,-0.41,0.54,-0.16,-3.24,15.15,6.11,-2.48,-3.25,0.84,-10.11,8.22,-16.96,-3.02,-0.56,4.10
2026-05-01 17:56:56.750,0.99,5.65,-8.46,0.03,-0.23,0.09,-3.21,7.18,-6.19,0.14,-0.17,0.04,-3.39,-0.83,7.73,2.06,-4.63,5.40,-6.19,-1.84,11.76,3.04,0.63,5.74
2026-05-01 17:56:56.820,0.41,5.61,-7.83,-0.18,0.33,-0.00,-3.40,7.32,-5.45,-0.08,0.32,0.04,9.18,-2.05,1.85,0.23,0.26,0.05,8.78,-0.25,-3.17,-0.09,0.19,-0.22
2026-05-01 17:56:57.568,1.35,5.39,-8.60,-0.07,-0.29,-0.02,-2.94,6.65,-6.34,-0.05,-0.24,-0.01,-0.48,-2.03,5.48,0.45,4.88,-3.84,-2.82,1.00,8.37,-4.21,-0.50,-4.80
2026-05-01 17:56:57.874,0.15,5.14,-8.76,-0.16,0.18,0.06,-4.04,6.09,-6.03,-0.04,0.14,0.10,-4.61,-1.62,9.32,0.19,-0.11,0.07,-0.19,2.76,9.34,-0.03,-0.02,0.10
2026-05-01 17:56:58.057,0.64,4.90,-8.58,-0.15,0.05,0.02,-3.33,6.42,-5.88,-0.08,0.07,0.07,-4.32,-1.20,9.34,0.21,0.00,-0.04,-0.56,3.95,9.19,-0.14,-0.06,-0.01
2026-05-01 17:56:58.243,0.97,5.33,-9.17,-0.08,-0.02,-0.07,-3.28,6.69,-6.51,-0.08,0.04,-0.04,-4.68,-1.64,9.96,0.12,0.10,-0.03,-0.36,3.81,10.08,-0.26,-0.01,0.00
2026-05-01 17:56:58.424,1.04,5.09,-9.33,-0.03,-0.04,0.04,-3.38,6.66,-6.37,-0.02,-0.01,0.03,-4.56,-1.40,9.84,0.31,0.08,-0.16,-0.50,3.96,9.75,-0.11,-0.06,-0.17
2026-05-01 17:56:58.657,1.23,5.41,-9.02,-0.14,-0.02,-0.06,-2.99,6.69,-6.25,-0.12,0.05,0.02,-4.57,-1.39,9.94,0.16,0.02,0.05,-0.36,3.64,9.89,-0.13,0.03,0.06
2026-05-01 17:56:58.857,1.00,4.73,-9.06,-0.12,0.00,0.03,-3.35,6.23,-6.27,-0.06,0.03,0.06,-4.12,-1.47,9.63,0.24,-0.02,-0.06,0.03,3.47,9.67,-0.06,-0.07,-0.04
2026-05-01 17:56:59.030,1.50,5.22,-9.04,-0.12,-0.01,-0.04,-2.87,6.49,-6.48,-0.10,0.03,0.01,-4.53,-1.41,9.67,0.08,-0.02,0.06,-0.32,3.26,9.64,-0.17,-0.01,0.15
2026-05-01 17:56:59.231,0.90,5.00,-9.04,-0.08,-0.02,0.02,-3.37,6.32,-6.32,-0.01,0.02,0.03,-4.12,-1.68,9.77,0.18,0.15,-0.03,0.21,3.39,10.07,-0.25,0.04,-0.05
2026-05-01 17:56:59.557,1.39,4.94,-9.47,-0.06,-0.03,0.00,-3.16,6.40,-6.89,-0.05,0.02,0.02,-4.70,-1.51,9.80,0.24,0.03,-0.12,-0.39,3.36,9.89,-0.09,-0.04,-0.10
2026-05-01 17:56:59.742,1.05,4.65,-8.97,-0.07,-0.05,-0.04,-3.22,6.23,-6.35,-0.05,-0.01,-0.03,-4.43,-1.85,9.35,0.20,0.10,0.03,0.03,2.62,9.71,-0.14,0.07,-0.00
2026-05-01 17:56:59.946,1.21,5.08,-9.27,-0.11,-0.07,-0.03,-3.12,6.61,-6.54,-0.07,-0.03,0.01,-4.54,-1.46,9.83,0.28,0.10,-0.17,-0.37,3.41,9.93,-0.10,-0.02,-0.19
2026-05-01 17:57:00.358,1.07,4.65,-9.12,-0.13,-0.04,0.05,-3.27,6.26,-6.44,-0.04,0.01,0.09,-4.52,-1.54,9.56,0.19,0.00,0.01,-0.29,3.03,9.82,-0.07,-0.01,0.03
2026-05-01 17:57:00.536,1.13,4.63,-9.24,-0.09,-0.02,-0.03,-3.27,6.21,-6.43,-0.05,0.02,-0.02,-4.55,-1.56,9.44,0.20,0.06,-0.01,-0.32,2.91,9.85,-0.10,0.02,-0.01
2026-05-01 17:57:00.743,1.02,4.95,-9.41,-0.10,-0.06,-0.03,-3.35,6.39,-6.56,-0.07,-0.01,0.00,-4.66,-1.61,9.63,0.22,0.06,-0.01,-0.32,3.01,9.99,-0.07,0.04,-0.02
2026-05-01 17:57:00.958,0.98,4.65,-9.31,-0.10,-0.05,0.03,-3.40,6.32,-6.55,-0.04,-0.02,0.05,-4.73,-1.60,9.65,0.24,0.04,-0.06,-0.37,2.82,10.10,-0.07,-0.01,-0.06
2026-05-01 17:57:01.142,0.87,4.81,-9.18,-0.14,-0.04,-0.05,-3.43,6.20,-6.29,-0.10,-0.00,0.01,-4.83,-1.74,9.29,0.18,0.04,0.01,-0.42,2.61,9.77,-0.10,0.01,0.02
2026-05-01 17:57:01.331,0.93,4.60,-9.50,-0.08,-0.04,-0.02,-3.59,6.19,-6.64,-0.05,-0.00,-0.00,-4.97,-1.71,9.79,0.21,0.10,-0.05,-0.41,2.80,10.41,-0.12,0.03,-0.05
2026-05-01 17:57:01.561,0.96,4.59,-9.09,-0.11,-0.05,-0.02,-3.52,6.07,-6.30,-0.08,-0.01,0.01,-4.75,-1.74,9.20,0.15,0.02,0.06,-0.38,2.54,9.85,-0.08,0.01,0.08
2026-05-01 17:57:01.765,0.97,4.65,-9.34,-0.11,-0.06,0.02,-3.61,6.12,-6.61,-0.06,-0.01,0.04,-4.91,-1.80,9.62,0.26,0.06,-0.14,-0.27,2.61,10.34,-0.06,-0.03,-0.13
2026-05-01 17:57:02.125,0.84,4.31,-9.08,-0.10,-0.03,0.00,-3.60,5.95,-6.28,-0.06,0.00,0.02,-4.84,-1.79,9.05,0.21,0.00,0.00,-0.48,2.33,9.66,-0.06,-0.02,0.01
2026-05-01 17:57:02.207,0.97,4.66,-9.43,-0.14,-0.01,-0.02,-3.54,6.14,-6.40,-0.08,0.02,0.03,-4.81,-1.78,9.35,0.21,0.06,-0.02,-0.49,2.89,10.08,-0.05,0.01,-0.00
2026-05-01 17:57:02.457,0.68,4.88,-9.45,-0.17,-0.06,-0.14,-3.81,6.51,-6.42,-0.18,0.02,-0.04,-5.14,-2.21,9.33,0.08,0.01,0.02,-0.40,2.08,10.28,-0.14,-0.03,0.12
2026-05-01 17:57:02.627,1.64,4.25,-9.47,-0.22,0.18,0.13,-2.85,5.30,-6.55,-0.07,0.20,0.25,-4.78,-1.10,9.70,0.37,-0.08,-0.13,-0.47,2.94,10.19,0.11,-0.06,-0.15
2026-05-01 17:57:03.059,0.79,5.41,-8.92,-0.30,0.15,-0.22,-3.39,6.75,-6.06,-0.30,0.23,-0.00,-4.52,-2.23,9.33,0.13,-0.17,0.16,-0.08,2.25,9.71,0.02,-0.07,0.23
2026-05-01 17:57:03.258,1.59,4.79,-8.77,-0.10,-0.09,0.01,-2.78,6.55,-6.37,-0.06,-0.04,0.03,-4.44,-1.64,9.72,0.43,0.05,-0.23,-0.17,3.09,10.00,0.03,-0.06,-0.29
2026-05-01 17:57:03.564,1.37,4.89,-9.17,-0.03,-0.11,0.02,-3.09,6.45,-6.61,0.01,-0.07,-0.01,-4.71,-1.63,9.52,0.23,0.19,0.01,-0.45,2.92,10.10,-0.14,0.14,-0.06
2026-05-01 17:57:03.627,1.27,4.78,-9.36,-0.13,-0.04,-0.01,-3.20,6.36,-6.75,-0.07,-0.01,0.04,-4.76,-1.86,9.59,0.16,0.04,-0.05,-0.22,2.44,10.41,-0.15,-0.04,-0.00
2026-05-01 17:57:03.957,1.19,4.64,-8.98,-0.10,-0.05,0.04,-3.17,6.15,-6.40,-0.04,-0.04,0.05,-4.74,-1.55,9.28,0.23,0.04,-0.04,-0.50,2.68,9.81,-0.05,-0.01,-0.03
2026-05-01 17:57:04.223,1.13,4.77,-9.07,-0.11,-0.08,-0.03,-3.39,6.38,-6.58,-0.09,-0.02,-0.01,-4.84,-2.02,9.31,0.19,0.07,-0.01,-0.32,2.19,10.10,-0.13,0.03,0.00
2026-05-01 17:57:04.326,1.23,4.44,-9.28,-0.10,-0.02,-0.00,-3.37,5.99,-6.58,-0.04,0.02,0.02,-4.86,-1.82,9.28,0.22,0.06,0.00,-0.49,2.41,9.94,-0.10,0.04,-0.00
2026-05-01 17:57:04.657,1.24,5.14,-9.04,-0.14,-0.04,-0.05,-3.08,6.45,-6.39,-0.12,0.02,0.01,-4.75,-1.85,9.43,0.18,0.01,0.02,-0.30,2.37,10.02,-0.05,0.00,0.04
2026-05-01 17:57:04.823,1.17,4.84,-9.15,-0.11,-0.04,-0.06,-3.23,6.37,-6.39,-0.09,0.02,-0.02,-4.91,-1.73,9.34,0.22,0.03,-0.01,-0.49,2.55,10.02,-0.05,0.01,-0.01
2026-05-01 17:57:05.262,1.16,4.84,-9.36,-0.16,-0.01,-0.03,-3.38,6.45,-6.33,-0.11,0.04,0.04,-4.83,-1.98,9.35,0.16,-0.00,0.02,-0.29,2.21,10.38,-0.07,-0.02,0.05
2026-05-01 17:57:05.360,1.16,4.80,-9.13,-0.12,-0.02,0.02,-3.28,6.28,-6.38,-0.04,0.01,0.06,-4.90,-1.83,9.44,0.24,0.01,-0.04,-0.46,2.50,10.08,-0.03,-0.03,-0.04
2026-05-01 17:57:05.657,1.17,4.83,-9.12,-0.11,-0.04,0.01,-3.35,6.34,-6.48,-0.05,-0.01,0.03,-4.83,-1.86,9.24,0.18,0.03,0.03,-0.40,2.16,9.91,-0.08,0.03,0.03
2026-05-01 17:57:05.742,1.11,4.65,-9.04,-0.12,-0.02,-0.01,-3.31,6.14,-6.53,-0.07,0.01,0.03,-4.80,-1.87,9.33,0.16,0.02,0.04,-0.32,2.24,10.10,-0.10,0.01,0.06
2026-05-01 17:57:06.057,1.25,4.85,-9.13,-0.12,-0.02,-0.02,-3.13,6.34,-6.41,-0.08,0.02,0.03,-4.77,-1.81,9.53,0.22,0.03,-0.02,-0.30,2.38,10.23,-0.07,-0.01,-0.02
2026-05-01 17:57:06.243,1.12,4.85,-9.14,-0.11,-0.06,-0.00,-3.34,6.22,-6.44,-0.06,-0.03,0.03,-4.87,-1.94,9.28,0.17,0.04,-0.00,-0.35,2.13,10.03,-0.09,0.01,0.02
2026-05-01 17:57:06.444,1.19,4.65,-9.23,-0.11,-0.04,0.00,-3.24,6.25,-6.46,-0.05,0.00,0.03,-4.90,-1.91,9.52,0.22,0.03,-0.01,-0.31,2.33,10.25,-0.06,0.01,-0.01
2026-05-01 17:57:06.858,1.14,5.02,-9.58,-0.14,0.01,-0.03,-3.46,6.58,-6.54,-0.09,0.04,0.05,-5.08,-1.99,9.50,0.18,-0.01,0.02,-0.30,2.03,10.48,-0.06,-0.02,0.05
2026-05-01 17:57:06.953,1.25,4.49,-9.42,-0.10,-0.02,0.04,-3.51,6.16,-6.73,-0.02,0.01,0.05,-4.91,-1.83,9.51,0.24,0.02,-0.00,-0.30,2.34,10.31,-0.04,-0.00,-0.00
2026-05-01 17:57:07.106,1.37,4.98,-9.26,-0.14,-0.03,0.00,-2.96,6.47,-6.40,-0.08,0.02,0.05,-4.79,-1.83,9.41,0.21,-0.00,0.02,-0.23,2.37,9.97,-0.05,-0.01,0.03
2026-05-01 17:57:07.307,1.08,4.63,-9.53,-0.12,-0.02,-0.03,-3.28,6.53,-6.51,-0.07,0.01,0.02,-4.81,-1.98,9.51,0.20,0.01,-0.03,-0.31,2.24,10.34,-0.07,-0.03,-0.01
2026-05-01 17:57:07.556,1.40,4.60,-9.22,-0.14,-0.01,0.03,-3.09,6.23,-6.54,-0.06,0.01,0.07,-4.68,-1.73,9.47,0.19,0.02,0.00,-0.18,2.49,10.12,-0.06,-0.01,0.02
2026-05-01 17:57:07.734,1.42,4.95,-9.40,-0.11,-0.05,-0.03,-3.09,6.46,-6.59,-0.09,0.00,0.02,-4.73,-1.89,9.56,0.18,0.00,0.01,-0.20,2.42,10.19,-0.07,-0.00,0.04
2026-05-01 17:57:07.942,1.27,4.64,-9.27,-0.14,-0.08,0.01,-3.25,6.24,-6.66,-0.06,-0.03,0.04,-4.75,-1.95,9.57,0.20,0.02,-0.05,-0.17,2.38,10.35,-0.09,-0.03,-0.02
2026-05-01 17:57:08.256,1.39,4.69,-9.12,-0.13,-0.00,-0.01,-3.13,6.30,-6.51,-0.08,0.03,0.03,-4.63,-1.82,9.41,0.19,0.01,0.03,-0.12,2.35,10.01,-0.07,0.01,0.04
2026-05-01 17:57:08.442,1.36,5.01,-9.21,-0.15,-0.04,0.00,-3.12,6.44,-6.49,-0.07,-0.01,0.06,-4.60,-1.89,9.56,0.18,-0.00,-0.04,-0.10,2.40,10.22,-0.06,-0.05,0.00
2026-05-01 17:57:08.729,1.24,4.59,-9.17,-0.10,-0.04,0.02,-3.19,6.25,-6.41,-0.06,-0.01,0.05,-4.64,-1.79,9.61,0.20,0.02,0.00,-0.12,2.38,10.07,-0.06,-0.01,0.02
2026-05-01 17:57:08.857,1.31,6.22,-9.70,-0.45,-0.02,0.05,-2.84,7.28,-6.15,-0.17,-0.07,0.19,-4.77,-1.90,9.21,0.17,0.00,0.02,-0.32,2.39,10.07,-0.08,-0.01,0.05
2026-05-01 17:57:09.058,6.23,7.04,-4.16,-6.40,2.86,-0.23,3.32,13.73,-8.32,-2.41,1.87,2.61,-5.01,-2.01,9.32,-0.01,-0.09,0.35,-0.48,2.44,10.51,-0.10,0.09,0.44
2026-05-01 17:57:09.344,0.68,1.86,3.60,-6.17,1.65,-3.93,2.08,5.59,-5.41,-5.30,2.40,-0.60,-3.49,-1.91,9.78,0.47,0.09,0.12,1.04,2.07,9.71,0.18,0.22,-0.10
2026-05-01 17:57:09.426,-4.31,2.99,6.65,-1.36,0.25,-0.25,0.62,9.91,6.05,-0.70,0.46,-0.12,-4.13,-0.64,8.97,0.07,-0.16,0.14,-0.63,2.54,7.74,0.07,-0.00,0.24
2026-05-01 17:57:09.874,-15.62,3.57,20.62,0.18,-3.83,5.71,-0.01,17.04,11.71,2.07,-0.63,5.41,-3.58,-2.04,12.29,0.41,0.55,0.05,1.81,3.12,12.28,-0.28,0.38,-0.36
2026-05-01 17:57:10.144,10.06,-12.57,-16.01,-3.52,-1.59,0.86,2.57,-17.79,-13.36,-1.72,-1.60,3.65,-4.34,-0.15,10.04,0.60,0.18,-0.21,-0.65,3.63,9.57,-0.02,0.11,-0.43
2026-05-01 17:57:10.371,-2.43,-2.91,-3.43,3.89,0.45,-3.51,0.43,4.34,0.59,-0.85,0.70,-4.61,-4.00,-1.07,9.23,-0.27,-0.08,0.13,-0.06,2.87,9.61,-0.36,-0.12,0.39
2026-05-01 17:57:10.572,9.61,19.29,-13.93,6.10,-6.45,-2.28,2.11,18.56,-18.00,2.88,-4.40,-5.69,-4.37,-1.30,10.94,0.11,1.05,0.08,0.45,2.21,11.03,-0.81,0.85,-0.33
2026-05-01 17:57:10.777,-0.15,4.50,-8.19,0.17,0.15,0.44,-4.47,7.13,-5.32,0.26,0.21,0.21,-5.17,-1.35,8.19,0.22,-0.43,0.05,-1.35,1.57,8.59,0.17,-0.30,0.24
2026-05-01 17:57:10.982,2.04,6.41,-8.19,0.07,0.20,0.10,-2.42,7.33,-6.25,0.02,0.21,0.09,-4.62,-1.61,9.49,0.20,0.10,-0.14,-0.28,3.03,10.35,-0.14,-0.02,-0.11
2026-05-01 17:57:11.381,2.18,5.84,-8.22,-0.08,0.10,-0.11,-2.51,6.78,-6.39,-0.07,0.17,-0.05,-4.67,-1.51,9.45,0.22,-0.04,-0.02,-0.45,2.87,9.76,-0.03,-0.05,0.02
2026-05-01 17:57:11.597,2.09,5.90,-7.99,-0.14,-0.12,0.01,-2.36,6.81,-6.23,-0.06,-0.08,0.07,-4.47,-1.44,9.37,0.24,0.04,-0.07,-0.37,2.84,9.71,-0.07,-0.03,-0.07
2026-05-01 17:57:11.684,2.22,5.91,-8.55,-0.07,-0.09,-0.08,-2.50,6.88,-6.65,-0.05,-0.03,-0.06,-4.76,-1.53,9.69,0.21,0.06,-0.06,-0.31,2.74,9.98,-0.09,0.01,-0.05
2026-05-01 17:57:11.957,1.83,5.94,-8.31,-0.12,0.02,-0.03,-2.73,6.83,-6.29,-0.09,0.07,0.01,-4.78,-1.72,9.64,0.24,0.03,-0.08,-0.29,2.77,10.20,-0.07,-0.05,-0.06
2026-05-01 17:57:12.211,1.91,5.75,-8.39,-0.05,-0.14,-0.02,-2.69,6.82,-6.40,-0.05,-0.10,-0.03,-5.06,-1.73,9.58,0.15,0.11,-0.05,-0.48,2.63,10.41,-0.16,0.02,-0.03
2026-05-01 17:57:12.415,2.03,5.97,-8.52,-0.10,-0.05,-0.02,-2.70,6.81,-6.48,-0.07,0.00,0.01,-4.87,-1.80,9.49,0.19,0.07,0.02,-0.29,2.51,10.32,-0.10,0.05,0.01
2026-05-01 17:57:12.659,1.85,5.93,-8.27,-0.09,-0.03,-0.02,-2.74,6.68,-6.17,-0.07,0.01,0.01,-4.63,-1.68,9.24,0.22,0.03,-0.03,-0.39,2.49,9.79,-0.07,-0.00,-0.01
2026-05-01 17:57:12.842,1.90,5.83,-8.75,0.01,-0.11,0.01,-2.94,6.94,-6.59,-0.03,-0.03,-0.04,-5.17,-1.78,9.54,0.15,0.06,-0.04,-0.42,2.37,10.55,-0.15,-0.02,-0.01
2026-05-01 17:57:13.029,1.77,5.59,-8.32,-0.12,-0.03,0.04,-2.95,6.51,-6.37,-0.06,-0.00,0.07,-4.84,-1.89,9.20,0.20,0.01,0.02,-0.37,2.30,10.04,-0.07,0.00,0.03
2026-05-01 17:57:13.257,1.76,5.66,-8.41,-0.07,-0.04,-0.08,-2.75,6.63,-6.14,-0.08,0.02,-0.05,-4.80,-1.68,9.38,0.18,0.05,0.02,-0.40,2.54,10.05,-0.07,0.03,0.02
2026-05-01 17:57:13.457,1.75,5.64,-8.66,-0.13,-0.02,-0.04,-3.02,6.53,-6.34,-0.09,0.02,0.02,-4.93,-1.83,9.30,0.21,0.03,-0.03,-0.41,2.25,10.10,-0.07,0.00,-0.02
2026-05-01 17:57:13.647,1.75,5.57,-8.42,-0.14,-0.01,-0.03,-2.90,6.79,-6.29,-0.10,0.02,0.03,-4.92,-1.75,9.23,0.21,0.01,-0.03,-0.47,2.49,10.03,-0.06,-0.03,-0.01
2026-05-01 17:57:13.814,1.68,5.57,-8.74,-0.08,-0.05,-0.04,-3.11,6.65,-6.30,-0.07,0.00,-0.01,-5.00,-1.85,9.37,0.20,0.05,-0.02,-0.40,2.12,10.31,-0.08,0.02,-0.02
2026-05-01 17:57:14.157,1.70,5.34,-8.71,-0.09,-0.04,0.01,-3.09,6.47,-6.44,-0.05,0.01,0.02,-5.09,-1.85,9.45,0.18,0.03,0.01,-0.45,2.17,10.24,-0.08,0.00,0.03
2026-05-01 17:57:14.464,1.64,5.41,-8.63,-0.11,-0.02,-0.01,-3.13,6.63,-6.31,-0.06,0.02,0.02,-5.10,-1.91,9.32,0.22,0.03,-0.01,-0.39,2.09,10.30,-0.06,0.01,-0.01
2026-05-01 17:57:14.547,1.57,5.52,-8.97,-0.09,-0.10,-0.06,-3.22,6.52,-6.49,-0.08,-0.05,-0.05,-5.09,-1.81,9.42,0.19,0.08,-0.05,-0.45,1.98,10.16,-0.12,0.02,-0.05
2026-05-01 17:57:14.873,1.58,5.08,-8.40,-0.13,0.01,-0.04,-2.82,6.50,-6.00,-0.11,0.06,0.02,-4.64,-1.61,8.71,0.26,-0.09,-0.01,-0.61,2.77,9.46,0.06,-0.10,0.03
2026-05-01 17:57:15.033,1.27,5.59,-9.42,-0.07,-0.06,0.01,-3.66,6.73,-6.57,-0.00,0.02,0.00,-5.28,-1.98,10.11,0.24,0.20,-0.13,-0.15,1.89,11.26,-0.16,0.06,-0.19
2026-05-01 17:57:15.232,1.78,5.47,-9.03,-0.13,-0.12,0.08,-3.15,6.37,-6.74,-0.04,-0.09,0.09,-5.32,-1.87,9.22,0.23,0.05,-0.05,-0.62,1.89,10.14,-0.08,0.01,-0.05
2026-05-01 17:57:15.488,1.50,5.66,-8.63,-0.14,-0.01,-0.11,-2.99,6.61,-6.15,-0.13,0.04,-0.03,-4.99,-1.81,9.18,0.17,0.01,0.02,-0.49,2.40,10.20,-0.07,-0.02,0.05
2026-05-01 17:57:15.742,1.43,5.37,-8.37,-0.11,0.03,0.01,-3.18,6.24,-6.16,-0.05,0.07,0.04,-4.77,-1.92,9.20,0.23,-0.00,-0.00,-0.31,2.18,10.01,-0.04,-0.01,0.01
2026-05-01 17:57:15.897,1.51,5.71,-8.66,-0.15,-0.03,-0.01,-3.01,6.70,-6.19,-0.09,0.01,0.05,-5.00,-1.78,9.36,0.24,0.00,-0.05,-0.46,2.29,10.05,-0.05,-0.03,-0.04
2026-05-01 17:57:16.158,1.47,5.21,-8.58,-0.10,-0.04,0.01,-3.29,6.25,-6.27,-0.05,-0.00,0.03,-5.11,-1.91,9.06,0.19,0.05,-0.03,-0.42,2.06,10.08,-0.09,0.01,-0.01
2026-05-01 17:57:16.480,1.64,5.55,-8.49,-0.12,-0.06,0.01,-2.94,6.53,-6.20,-0.05,-0.02,0.04,-4.94,-1.66,9.27,0.22,0.02,0.00,-0.56,2.53,9.93,-0.04,0.01,-0.00
2026-05-01 17:57:16.560,1.55,5.36,-8.60,-0.08,-0.03,-0.04,-3.20,6.39,-6.20,-0.06,0.02,-0.02,-4.85,-1.77,9.20,0.21,0.05,-0.01,-0.41,2.27,10.02,-0.08,0.02,-0.01
2026-05-01 17:57:16.961,1.53,5.50,-8.87,-0.13,-0.05,-0.04,-3.24,6.66,-6.36,-0.11,-0.01,0.02,-5.09,-1.92,9.34,0.18,0.03,-0.02,-0.45,2.19,10.30,-0.10,-0.01,0.00
2026-05-01 17:57:17.163,1.49,5.47,-9.08,-0.11,-0.04,-0.06,-3.18,6.75,-6.32,-0.11,0.03,-0.01,-5.09,-1.98,9.28,0.17,-0.01,-0.01,-0.47,2.11,10.24,-0.07,-0.04,0.03
2026-05-01 17:57:17.291,1.41,5.36,-8.85,-0.08,-0.05,0.00,-3.26,6.65,-6.37,-0.05,0.00,0.02,-5.14,-1.93,9.29,0.21,0.01,-0.01,-0.50,2.15,10.25,-0.05,0.00,-0.00
2026-05-01 17:57:17.536,1.44,5.29,-8.89,-0.11,0.02,0.04,-3.41,6.46,-6.45,-0.02,0.04,0.06,-5.00,-2.06,9.32,0.17,-0.02,0.06,-0.40,2.22,10.25,-0.04,-0.01,0.08
2026-05-01 17:57:17.757,1.49,5.31,-8.68,-0.06,-0.05,-0.04,-3.13,6.33,-6.20,-0.03,0.01,-0.04,-4.77,-1.97,9.11,0.20,-0.00,0.01,-0.30,2.29,9.98,-0.05,-0.02,0.04
2026-05-01 17:57:17.946,1.53,5.53,-8.85,-0.09,0.04,-0.01,-3.18,6.60,-6.34,-0.04,0.08,0.03,-4.97,-1.94,9.40,0.20,0.01,-0.00,-0.30,2.32,10.32,-0.06,-0.02,0.01
2026-05-01 17:57:18.122,1.60,5.32,-8.81,-0.16,0.05,-0.01,-3.18,6.42,-6.36,-0.11,0.07,0.06,-4.78,-2.13,9.35,0.16,-0.07,-0.03,-0.11,2.23,10.43,-0.17,-0.13,0.06
2026-05-01 17:57:18.356,1.57,5.24,-8.87,-0.11,-0.08,0.01,-3.31,6.46,-6.48,-0.04,-0.03,0.04,-4.69,-1.82,9.61,0.25,0.01,-0.06,-0.10,2.43,9.99,-0.01,-0.02,-0.05
2026-05-01 17:57:18.560,1.75,5.27,-8.72,-0.15,-0.10,0.04,-3.09,6.34,-6.58,-0.06,-0.06,0.07,-4.82,-1.68,9.31,0.31,0.06,0.05,-0.32,2.41,9.72,0.05,0.11,-0.04
2026-05-01 17:57:18.764,1.49,5.51,-8.80,-0.16,-0.07,0.05,-3.21,6.46,-6.42,-0.06,-0.04,0.11,-5.47,-1.44,9.82,0.19,0.50,0.20,-0.87,3.28,11.42,-0.27,0.45,-0.05
2026-05-01 17:57:18.917,1.78,5.07,-9.15,-0.13,-0.14,-0.05,-2.89,6.25,-6.67,-0.10,-0.08,-0.01,-5.25,-1.14,9.25,0.25,-0.03,0.17,-1.19,2.64,9.71,0.06,0.09,0.13
2026-05-01 17:57:19.377,1.07,5.65,-8.92,-0.27,-0.05,-0.02,-3.57,6.86,-6.16,-0.13,0.01,0.09,-1.85,1.13,14.34,2.07,-0.62,0.25,1.25,8.16,8.60,3.41,1.29,-0.74
2026-05-01 17:57:19.462,1.48,7.07,-8.88,-0.49,-0.50,0.46,-2.66,8.04,-6.16,-0.11,-0.43,0.61,-11.56,12.97,0.75,2.13,-2.44,2.00,-15.99,-2.32,-16.58,1.54,2.40,2.60
2026-05-01 17:57:19.648,2.85,5.36,-8.11,-0.24,0.31,-0.34,-1.25,5.91,-6.18,-0.37,0.37,-0.12,-7.58,8.07,5.19,-1.20,-0.41,5.60,-15.79,6.44,-7.01,-0.68,5.02,2.59
2026-05-01 17:57:19.957,0.34,5.70,-8.04,0.02,0.22,-0.27,-4.30,7.22,-6.34,-0.09,0.31,-0.23,1.91,-15.70,-0.31,0.33,-1.25,5.15,0.40,-16.44,29.99,5.44,3.55,6.40
2026-05-01 17:57:20.140,1.28,6.81,-8.88,-0.07,-0.26,0.08,-3.36,6.73,-6.56,-0.04,-0.20,0.06,-10.20,5.64,3.75,4.78,0.09,-8.73,-25.05,2.51,-5.08,4.74,-6.95,-3.85
2026-05-01 17:57:20.332,1.17,5.96,-7.39,0.17,-0.71,0.08,-2.55,7.67,-5.63,0.05,-0.60,-0.09,-12.78,2.67,0.72,-0.27,0.68,-3.16,-14.34,-6.88,1.08,1.08,-3.45,-1.82
2026-05-01 17:57:20.560,1.88,6.68,-8.49,-0.32,0.19,-0.29,-2.07,7.21,-5.95,-0.24,0.20,-0.13,-6.51,6.25,2.83,-0.58,0.97,-1.01,-9.13,0.21,-7.04,-0.61,-1.40,-0.43
2026-05-01 17:57:20.757,-0.06,6.45,-8.03,-0.28,0.44,0.42,-4.43,7.11,-5.64,0.17,0.38,0.38,-10.02,6.33,6.50,-2.27,-2.09,2.66,-15.17,3.70,-6.39,-3.62,2.64,3.08
2026-05-01 17:57:21.018,1.46,7.28,-7.34,-0.52,0.08,-0.22,-2.27,7.13,-5.33,-0.47,0.11,0.13,-13.79,8.22,8.36,-4.69,-5.53,2.71,-23.43,2.57,-2.22,-4.78,0.07,7.85
2026-05-01 17:57:21.222,1.90,6.76,-7.43,-0.19,0.22,0.02,-1.98,7.34,-5.56,-0.07,0.21,0.10,-2.56,-2.62,10.23,2.47,-2.60,1.52,1.71,-7.10,3.16,2.53,-0.98,2.54
2026-05-01 17:57:21.456,2.81,6.35,-7.31,-0.06,0.29,-0.10,-1.50,7.19,-6.34,-0.23,0.21,-0.02,-1.27,-2.23,8.25,-0.66,3.38,-1.90,-0.47,7.63,7.55,-3.32,0.75,-2.41
2026-05-01 17:57:21.616,3.31,6.52,-7.03,0.68,-0.52,-0.56,0.71,9.48,-4.94,0.04,-0.14,-0.79,-3.65,6.97,22.25,0.02,2.95,-0.54,2.51,12.57,18.84,-2.53,1.45,-1.86
2026-05-01 17:57:21.836,1.01,5.41,-8.50,-0.09,0.40,0.23,-3.27,7.32,-6.00,0.08,0.33,0.21,-3.97,-2.42,9.22,-0.61,-0.58,0.38,0.66,1.84,9.05,-0.74,-0.45,1.07
2026-05-01 17:57:21.976,2.28,5.99,-8.24,-0.04,-0.09,0.09,-2.28,7.04,-6.48,0.02,-0.05,0.06,-3.51,-1.34,10.26,0.33,0.07,-0.14,0.84,4.40,9.20,-0.08,0.00,-0.17
2026-05-01 17:57:22.384,2.38,5.59,-8.44,-0.15,0.09,-0.06,-2.33,6.61,-6.72,-0.12,0.11,0.03,-3.28,-1.46,10.29,0.36,-0.01,-0.14,1.24,3.88,9.52,0.04,-0.03,-0.17
2026-05-01 17:57:22.462,2.36,5.72,-8.35,-0.07,-0.06,-0.01,-2.27,6.71,-6.66,-0.08,-0.00,0.00,-3.65,-1.10,10.27,0.17,0.06,-0.03,0.69,4.25,9.45,-0.14,0.03,-0.01
2026-05-01 17:57:22.647,2.33,5.75,-8.44,-0.10,-0.04,-0.03,-2.31,6.61,-6.64,-0.07,0.01,0.00,-3.40,-1.29,10.41,0.19,-0.05,0.03,1.02,4.23,9.79,-0.07,-0.07,0.07
2026-05-01 17:57:22.953,2.22,5.72,-8.34,-0.10,-0.05,-0.02,-2.42,6.78,-6.56,-0.06,-0.01,0.01,-3.43,-1.54,10.03,0.18,0.09,0.01,1.00,3.56,9.45,-0.11,0.06,0.01
2026-05-01 17:57:23.112,2.31,5.64,-8.38,-0.14,-0.04,-0.03,-2.35,6.52,-6.51,-0.08,0.00,0.02,-3.48,-1.24,10.26,0.21,0.00,-0.02,0.98,4.11,9.45,-0.05,-0.01,-0.01
2026-05-01 17:57:23.313,2.20,5.71,-8.39,-0.13,-0.05,-0.04,-2.31,6.76,-6.58,-0.08,0.00,0.01,-3.57,-1.61,10.29,0.19,0.04,-0.06,0.96,3.96,9.61,-0.11,-0.02,0.01
2026-05-01 17:57:23.678,2.28,5.78,-8.35,-0.12,-0.03,0.02,-2.26,6.65,-6.46,-0.06,0.01,0.05,-3.43,-1.30,10.23,0.20,0.03,-0.01,0.96,4.19,9.61,-0.09,-0.00,0.01
2026-05-01 17:57:23.884,2.38,5.76,-8.64,-0.05,-0.07,-0.03,-2.34,6.66,-6.73,-0.03,-0.00,-0.03,-3.55,-1.50,10.49,0.17,0.09,-0.05,1.11,3.84,10.03,-0.22,0.00,-0.03
2026-05-01 17:57:24.481,2.17,5.73,-9.00,-0.03,-0.04,-0.07,-2.73,6.79,-6.98,-0.04,0.02,-0.07,-3.90,-1.61,10.58,0.17,0.05,0.03,0.89,3.85,10.30,-0.12,0.02,0.04
2026-05-01 17:57:24.704,2.09,5.28,-8.52,-0.16,0.01,0.02,-2.58,6.41,-6.66,-0.09,0.02,0.07,-3.36,-1.43,10.14,0.18,0.01,0.04,1.08,3.95,9.48,-0.08,0.01,0.07
2026-05-01 17:57:24.822,2.29,5.75,-8.58,-0.09,-0.07,-0.04,-2.37,6.84,-6.67,-0.06,-0.01,-0.01,-3.45,-1.42,10.42,0.19,0.12,-0.06,1.16,4.10,9.97,-0.16,0.04,-0.06
2026-05-01 17:57:25.747,2.19,5.45,-8.67,-0.17,-0.01,-0.03,-2.53,6.43,-6.70,-0.12,0.04,0.05,-3.52,-1.27,10.35,0.22,-0.01,-0.00,0.99,3.99,9.69,-0.06,-0.03,0.01
2026-05-01 17:57:26.240,2.35,6.01,-8.73,-0.13,0.00,-0.08,-2.40,6.85,-6.62,-0.10,0.06,-0.01,-3.81,-1.43,10.57,0.25,0.03,-0.08,1.02,3.72,10.35,-0.03,-0.01,-0.09
2026-05-01 17:57:26.646,2.22,5.37,-8.57,-0.13,0.03,0.00,-2.49,6.32,-6.72,-0.06,0.05,0.05,-3.79,-1.63,9.98,0.25,0.06,-0.04,0.87,3.06,9.83,-0.05,0.02,-0.07
2026-05-01 17:57:26.855,2.43,5.54,-8.67,-0.13,-0.06,-0.02,-2.41,6.73,-6.74,-0.08,-0.00,0.02,-3.92,-1.84,10.25,0.17,0.05,-0.01,1.01,2.88,10.25,-0.14,0.01,0.00
2026-05-01 17:57:27.060,2.23,5.36,-8.60,-0.15,-0.00,0.05,-2.71,6.48,-6.87,-0.05,0.02,0.10,-3.84,-1.68,10.09,0.19,0.04,-0.01,0.95,2.81,9.96,-0.14,0.00,0.01
2026-05-01 17:57:27.575,2.59,5.49,-8.35,-0.13,-0.06,-0.03,-2.15,6.50,-6.69,-0.10,-0.03,0.02,-3.76,-1.66,9.93,0.17,-0.02,0.01,0.79,2.92,9.89,-0.07,-0.04,0.05
2026-05-01 17:57:27.879,2.31,5.52,-8.28,-0.12,-0.00,-0.03,-2.22,6.65,-6.42,-0.08,0.03,0.02,-3.74,-1.67,10.07,0.20,0.03,-0.01,0.98,2.90,9.97,-0.10,0.01,0.00
2026-05-01 17:57:27.958,2.23,5.36,-8.48,-0.08,-0.08,-0.02,-2.48,6.44,-6.58,-0.03,-0.02,-0.02,-3.91,-1.79,9.79,0.22,0.04,-0.01,0.77,2.80,10.07,-0.06,0.01,-0.01
2026-05-01 17:57:28.141,2.51,5.38,-8.65,-0.04,-0.01,0.03,-2.38,6.62,-6.73,0.03,0.05,0.00,-3.83,-1.68,10.13,0.21,0.02,0.01,0.96,2.89,10.14,-0.05,0.00,0.02
2026-05-01 17:57:28.299,2.19,5.32,-8.92,-0.12,-0.03,0.01,-2.80,6.42,-6.75,-0.06,0.01,0.05,-3.91,-1.92,10.05,0.20,0.00,-0.03,0.95,2.67,10.13,-0.09,-0.04,-0.01
2026-05-01 17:57:28.842,2.44,5.22,-8.74,-0.13,-0.06,0.02,-2.41,6.28,-6.78,-0.07,-0.03,0.06,-3.86,-1.60,10.10,0.23,0.06,-0.04,0.81,3.05,9.97,-0.07,0.02,-0.05
2026-05-01 17:57:29.108,2.53,5.58,-8.73,-0.13,-0.06,-0.07,-2.37,6.64,-6.88,-0.11,0.01,-0.02,-3.88,-1.80,10.09,0.18,0.00,0.02,1.03,2.73,10.21,-0.07,-0.00,0.05
2026-05-01 17:57:29.723,2.36,5.49,-8.62,-0.13,-0.05,-0.03,-2.47,6.44,-6.68,-0.09,0.00,0.02,-3.72,-1.63,10.00,0.21,0.02,-0.02,0.98,2.90,9.87,-0.06,-0.01,-0.01
2026-05-01 17:57:30.057,2.42,5.26,-8.67,-0.13,-0.05,-0.07,-2.42,6.39,-6.68,-0.10,0.01,-0.01,-3.90,-1.69,10.12,0.19,0.01,-0.04,0.89,2.90,10.00,-0.06,-0.03,-0.01
2026-05-01 17:57:30.258,2.02,5.59,-8.41,-0.09,0.05,-0.21,-2.53,6.78,-6.45,-0.15,0.15,-0.14,-3.92,-1.74,10.02,0.18,0.04,0.04,0.90,2.88,10.23,-0.08,0.03,0.05
2026-05-01 17:57:30.439,1.69,5.55,-8.40,-0.10,-0.02,-0.04,-2.75,6.70,-6.43,-0.09,0.02,0.00,-3.79,-1.74,10.13,0.20,0.04,-0.01,1.03,2.74,10.13,-0.07,0.01,0.00
2026-05-01 17:57:30.644,1.90,5.57,-8.38,-0.15,-0.04,-0.05,-2.41,6.70,-6.34,-0.11,0.02,0.02,-3.83,-1.58,9.92,0.22,0.02,0.00,0.79,3.17,9.91,-0.01,0.01,0.01
2026-05-01 17:57:30.969,1.88,5.58,-8.50,-0.16,0.04,0.02,-2.55,6.70,-6.44,-0.08,0.08,0.08,-3.85,-1.64,9.88,0.21,0.01,0.00,0.81,3.04,9.79,-0.05,0.00,0.01
2026-05-01 17:57:31.202,1.46,5.49,-8.03,-0.07,-0.17,-0.16,-2.92,6.63,-6.24,-0.12,-0.05,-0.12,-3.79,-1.65,10.18,0.20,0.04,0.02,0.98,2.92,10.05,-0.06,0.04,0.01
2026-05-01 17:57:31.273,-1.79,7.80,-9.38,-0.64,-2.16,0.41,-4.76,8.56,-5.13,-0.36,-2.03,0.53,-3.91,-1.38,9.67,0.05,-0.02,0.06,0.54,2.84,9.57,-0.19,-0.04,0.15
2026-05-01 17:57:31.557,0.26,4.10,-10.31,-0.19,-0.58,0.82,-3.27,6.06,-5.49,0.25,-0.65,0.63,-3.56,-2.34,10.54,0.25,0.09,-0.15,1.65,2.48,10.91,-0.15,-0.03,-0.18
2026-05-01 17:57:31.757,-0.93,3.60,-9.39,0.55,1.14,-1.29,-5.59,7.34,-7.21,-0.08,1.57,-1.16,-4.39,-1.46,10.12,0.45,0.01,-0.08,0.27,3.07,9.94,0.10,0.01,-0.18
2026-05-01 17:57:31.906,-4.75,21.97,-15.56,-3.86,-3.95,4.17,-4.62,18.28,-6.60,-0.31,-3.89,5.50,-3.76,-0.74,10.21,-0.05,-0.23,0.10,0.77,2.99,9.69,-0.09,-0.15,0.29
2026-05-01 17:57:32.130,-2.94,-4.97,-18.26,-0.28,4.89,7.23,1.08,5.12,-17.54,4.63,4.44,4.24,-2.88,-3.49,12.07,0.17,0.43,0.09,3.56,1.98,13.54,-0.66,0.25,-0.12
2026-05-01 17:57:32.358,-12.17,10.16,-0.15,-2.43,8.73,-3.09,-3.41,6.25,-1.97,-0.93,7.33,-3.74,-3.35,-0.39,9.74,0.28,0.15,-0.38,0.53,3.36,9.01,-0.05,-0.05,-0.42
2026-05-01 17:57:32.692,-11.08,9.10,-1.93,8.73,-6.49,-2.07,-8.79,20.14,-14.22,7.24,-8.73,-4.31,-3.59,-0.42,10.84,-0.18,0.59,0.51,0.16,4.75,9.14,-0.80,0.63,0.26
2026-05-01 17:57:33.185,14.91,15.83,-18.33,-1.14,2.13,-5.23,7.07,6.29,-17.66,-4.28,2.40,-0.98,-1.91,-1.08,10.58,0.28,-0.07,-0.21,2.52,2.56,10.41,-0.08,-0.31,-0.17
2026-05-01 17:57:33.614,-4.68,7.99,-8.33,2.06,1.51,0.56,-11.12,6.25,-8.01,1.11,2.31,0.13,-3.47,0.00,10.07,0.19,-0.45,-0.30,0.16,4.30,9.21,0.11,-0.54,0.06
2026-05-01 17:57:33.999,3.16,5.99,-11.33,-0.83,0.76,0.53,-0.28,8.44,-6.43,0.22,0.52,0.85,-4.07,-1.10,10.28,0.21,-0.14,-0.30,0.15,3.71,10.29,0.09,-0.25,-0.14
2026-05-01 17:57:34.059,1.63,4.18,-9.59,-0.14,0.12,-0.02,-3.20,6.05,-6.98,-0.08,0.14,0.03,-3.95,-1.77,10.07,0.08,-0.02,0.18,0.43,2.87,10.14,-0.10,0.03,0.21
2026-05-01 17:57:34.645,1.51,4.03,-9.04,-0.17,0.06,-0.05,-3.07,5.77,-6.53,-0.09,0.09,0.03,-4.08,-1.16,9.82,0.23,-0.02,-0.13,0.07,3.36,9.62,-0.07,-0.10,-0.07
2026-05-01 17:57:34.944,1.78,4.30,-9.72,-0.09,-0.02,-0.02,-3.27,6.03,-7.01,-0.04,0.01,0.01,-4.29,-1.39,10.29,0.22,0.05,0.03,0.21,3.29,10.35,-0.07,0.04,0.01
2026-05-01 17:57:35.252,1.76,4.25,-9.67,-0.14,0.01,-0.01,-3.11,6.05,-7.00,-0.06,0.05,0.05,-3.98,-1.03,10.17,0.30,-0.03,-0.05,0.28,3.69,9.98,0.06,-0.04,-0.05
2026-05-01 17:57:35.357,1.87,4.33,-10.13,-0.10,-0.00,-0.01,-3.19,6.10,-7.25,-0.07,0.05,0.03,-4.23,-1.37,10.27,0.17,0.04,-0.04,0.42,3.07,10.44,-0.17,-0.03,-0.01
2026-05-01 17:57:36.080,2.00,4.02,-9.51,-0.17,-0.02,-0.01,-3.06,5.79,-7.11,-0.10,0.01,0.06,-3.86,-1.17,9.99,0.21,-0.03,-0.00,0.35,3.50,9.76,-0.03,-0.04,0.02
2026-05-01 17:57:36.154,2.09,4.15,-9.53,-0.09,-0.04,-0.00,-2.96,6.00,-7.02,-0.05,-0.00,0.02,-4.04,-1.52,10.16,0.19,0.05,-0.05,0.57,2.76,10.14,-0.10,-0.00,-0.03
2026-05-01 17:57:36.379,2.01,3.94,-9.56,-0.11,-0.07,-0.05,-2.85,5.92,-7.16,-0.08,-0.01,-0.02,-3.89,-1.36,10.00,0.20,0.07,-0.02,0.50,3.19,9.95,-0.10,0.01,-0.02
2026-05-01 17:57:36.487,1.96,3.95,-9.51,-0.14,-0.03,0.03,-3.09,5.77,-6.96,-0.06,-0.01,0.08,-4.08,-1.43,9.97,0.25,0.02,-0.09,0.32,2.93,9.96,-0.05,-0.04,-0.09
2026-05-01 17:57:36.757,2.09,4.08,-9.81,-0.12,-0.03,-0.06,-2.98,5.90,-7.22,-0.10,0.03,-0.01,-4.19,-1.45,10.15,0.21,0.05,-0.00,0.39,2.92,10.29,-0.07,0.03,-0.01
2026-05-01 17:57:36.985,1.79,3.90,-9.58,-0.10,-0.02,-0.04,-3.18,5.76,-7.02,-0.08,0.03,-0.01,-4.07,-1.54,9.98,0.20,0.04,0.02,0.45,2.83,10.07,-0.08,0.03,0.02
2026-05-01 17:57:37.196,1.78,4.12,-9.51,-0.10,-0.08,0.02,-3.00,5.91,-6.94,-0.04,-0.05,0.02,-4.03,-1.52,9.86,0.11,0.07,-0.01,0.46,2.91,10.05,-0.23,-0.01,0.04
2026-05-01 17:57:37.580,1.91,4.00,-9.44,-0.11,-0.07,0.01,-2.97,5.79,-6.86,-0.06,-0.03,0.02,-4.08,-1.54,9.82,0.23,0.04,-0.06,0.39,2.75,10.17,-0.07,-0.01,-0.05
2026-05-01 17:57:37.701,1.81,4.09,-9.38,-0.14,-0.00,-0.05,-3.11,5.79,-6.86,-0.10,0.04,0.02,-4.22,-1.46,9.68,0.22,0.01,0.01,0.28,2.74,9.92,-0.04,0.00,0.01
2026-05-01 17:57:37.853,1.76,3.95,-9.66,-0.10,-0.00,-0.07,-3.26,5.77,-7.03,-0.08,0.05,-0.02,-4.26,-1.71,10.02,0.16,0.04,0.00,0.45,2.32,10.40,-0.10,0.01,0.02
2026-05-01 17:57:38.427,1.92,3.80,-9.48,-0.13,-0.01,0.03,-3.06,5.74,-7.04,-0.05,0.02,0.06,-4.17,-1.47,9.80,0.25,-0.00,-0.03,0.31,2.78,10.08,-0.02,-0.02,-0.02
2026-05-01 17:57:38.685,1.98,3.96,-9.51,-0.11,-0.03,0.02,-3.10,5.81,-7.07,-0.05,0.01,0.04,-4.16,-1.52,9.91,0.20,0.07,-0.03,0.39,2.74,10.17,-0.10,0.02,-0.02
2026-05-01 17:57:40.877,1.75,3.90,-9.52,-0.09,-0.06,-0.02,-3.28,5.78,-7.03,-0.06,-0.02,-0.01,-4.23,-1.71,9.82,0.20,0.09,-0.02,0.33,2.51,10.24,-0.11,0.04,-0.03
