timestamp,movement,mv_confidence,correctness_label,correctness_confidence
2026-06-01T16:59:04.977761,Jep Kanan,0.487,Salah,0.9366
2026-06-01T16:59:17.621187,Tangkisan Kanan,0.4166,Benar,0.5
2026-06-01T16:59:31.818812,Jep Kanan,0.5051,Benar,0.5079
2026-06-01T16:59:34.689065,Tangkisan Kanan,0.406,Benar,0.5
2026-06-01T16:59:35.269775,Tangkisan Kanan,0.4298,Salah,0.5
2026-06-01T16:59:36.979243,Jep Kanan,0.4461,Salah,0.751
2026-06-01T16:59:37.559671,Jep Kanan,0.406,Salah,0.7795
2026-06-01T16:59:55.186488,Kombinasi Kanan,0.6574,Benar,0.9864
2026-06-01T16:59:55.754233,Kombinasi Kanan,0.5954,Benar,0.9547
2026-06-01T16:59:56.319453,Kombinasi Kanan,0.4686,Benar,0.9607
2026-06-01T16:59:58.025562,Kombinasi Kanan,0.4529,Benar,0.9937
2026-06-01T16:59:58.590843,Kombinasi Kanan,0.4995,Benar,0.9957
2026-06-01T16:59:59.162081,Kombinasi Kanan,0.6314,Benar,0.8653
2026-06-01T16:59:59.734667,Kombinasi Kanan,0.6388,Benar,0.7708
2026-06-01T17:00:00.300153,Kombinasi Kanan,0.7127,Benar,0.9877
2026-06-01T17:00:00.870774,Kombinasi Kanan,0.7127,Benar,0.9877
2026-06-01T17:00:01.448521,Kombinasi Kanan,0.5882,Benar,0.9808
2026-06-01T17:00:02.586307,Kombinasi Kanan,0.655,Benar,0.9947
2026-06-01T17:00:03.159401,Kombinasi Kanan,0.6489,Benar,0.9877
2026-06-01T17:00:10.010274,Kombinasi Kiri,0.4115,Benar,1.0
2026-06-01T17:00:11.724685,Tangkisan Kiri,0.4249,Benar,0.5519
2026-06-01T17:00:12.294390,Tangkisan Kiri,0.4301,Benar,0.5519
2026-06-01T17:00:29.993825,Kombinasi Kanan,0.4182,Benar,0.9455
2026-06-01T17:00:30.575264,Kombinasi Kanan,0.4316,Benar,0.9931
2026-06-01T17:00:45.348792,Tangkisan Kanan,0.4458,Benar,0.5
2026-06-01T17:00:45.928957,Tangkisan Kanan,0.4382,Benar,0.5
2026-06-01T17:01:30.282265,Tangkisan Kiri,0.4966,Benar,0.5519
2026-06-01T17:01:30.849046,Tangkisan Kiri,0.4866,Benar,0.5519
2026-06-01T17:01:35.412475,Kombinasi Kiri,0.4653,Salah,0.9087
2026-06-01T17:01:35.992034,Kombinasi Kiri,0.4656,Salah,0.997
2026-06-01T17:01:43.385725,Kombinasi Kiri,0.4429,Benar,1.0
2026-06-01T17:01:43.961415,Kombinasi Kiri,0.4048,Benar,1.0
2026-06-01T17:01:46.245457,Kombinasi Kiri,0.4041,Benar,1.0
2026-06-01T17:01:51.923958,Tangkisan Kiri,0.4351,Benar,0.5519
2026-06-01T17:01:57.056015,Kombinasi Kanan,0.5358,Benar,0.9972
2026-06-01T17:01:57.619236,Kombinasi Kanan,0.5887,Benar,0.9961
2026-06-01T17:01:58.777235,Tangkisan Kanan,0.4458,Benar,0.5
2026-06-01T17:02:01.061407,Kombinasi Kanan,0.6294,Benar,1.0
2026-06-01T17:02:01.625231,Kombinasi Kanan,0.6152,Benar,0.993
2026-06-01T17:02:02.206326,Tangkisan Kanan,0.4042,Benar,0.5
2026-06-01T17:02:02.780079,Kombinasi Kanan,0.4033,Benar,0.7065
2026-06-01T17:02:03.360785,Kombinasi Kanan,0.4489,Benar,0.5226
2026-06-01T17:02:09.064753,Tangkisan Kiri,0.4193,Benar,0.5519
2026-06-01T17:02:12.504229,Tangkisan Kiri,0.41,Benar,0.5519
2026-06-01T17:02:14.216703,Jep Kiri,0.4715,Benar,0.8434
2026-06-01T17:02:14.786500,Jep Kiri,0.5895,Benar,0.7563
2026-06-01T17:02:15.373234,Tangkisan Kiri,0.4831,Benar,0.552
2026-06-01T17:02:19.095926,Tangkisan Kiri,0.4165,Benar,0.5519
2026-06-01T17:02:20.765642,Jep Kanan,0.4684,Salah,0.6067
2026-06-01T17:02:22.508031,Jep Kiri,0.4347,Benar,0.9227
2026-06-01T17:02:27.142396,Kombinasi Kanan,0.5347,Benar,0.8818
2026-06-01T17:02:27.731018,Kombinasi Kanan,0.5172,Benar,0.8044
2026-06-01T17:02:29.474831,Jep Kanan,0.5933,Benar,0.7304
2026-06-01T17:02:30.050921,Jep Kanan,0.4565,Benar,0.8015
2026-06-01T17:02:31.780305,Kombinasi Kanan,0.4886,Salah,0.6077
2026-06-01T17:02:32.349912,Kombinasi Kanan,0.8014,Benar,0.9157
2026-06-01T17:02:32.918887,Kombinasi Kanan,0.6741,Benar,0.6395
2026-06-01T17:02:36.336117,Kombinasi Kanan,0.5286,Benar,0.9016
2026-06-01T17:02:36.907450,Kombinasi Kanan,0.494,Benar,0.6787
2026-06-01T17:02:37.475885,Jep Kanan,0.5702,Benar,0.9158
2026-06-01T17:02:38.149765,Jep Kanan,0.5388,Benar,0.7337
2026-06-01T17:02:46.658353,Kombinasi Kanan,0.4035,Benar,0.9007
2026-06-01T17:02:47.263909,Jep Kanan,0.4423,Benar,0.7101
2026-06-01T17:02:47.864582,Jep Kanan,0.4217,Benar,0.6684
2026-06-01T17:02:48.457007,Jep Kanan,0.5269,Benar,0.9378
2026-06-01T17:02:49.040272,Kombinasi Kanan,0.5843,Benar,0.7018
2026-06-01T17:02:49.616492,Kombinasi Kanan,0.5856,Salah,0.5
2026-06-01T17:02:50.194930,Tangkisan Kanan,0.4425,Benar,0.5
2026-06-01T17:02:50.774665,Tangkisan Kanan,0.4375,Salah,0.5
2026-06-01T17:02:51.373233,Tangkisan Kanan,0.4498,Salah,0.5
2026-06-01T17:02:51.974616,Tangkisan Kanan,0.4402,Benar,0.5
2026-06-01T17:03:00.692470,Jep Kiri,0.4566,Benar,0.9315
2026-06-01T17:03:04.819931,Kombinasi Kiri,0.4543,Benar,1.0
2026-06-01T17:03:14.698011,Kombinasi Kanan,0.4113,Benar,0.994
2026-06-01T17:03:27.587688,Kombinasi Kanan,0.6104,Benar,0.8371
2026-06-01T17:03:28.173632,Kombinasi Kanan,0.6353,Benar,0.9102
2026-06-01T17:03:28.767596,Jep Kanan,0.4938,Benar,0.7291
2026-06-01T17:03:31.673547,Kombinasi Kanan,0.5355,Benar,0.8528
2026-06-01T17:03:32.269828,Kombinasi Kanan,0.5255,Benar,0.9054
2026-06-01T17:03:32.848721,Jep Kanan,0.4278,Benar,0.7207
2026-06-01T17:03:34.567263,Kombinasi Kanan,0.5599,Benar,0.954
2026-06-01T17:03:35.161126,Kombinasi Kanan,0.6832,Benar,0.9299
2026-06-01T17:03:35.744216,Kombinasi Kanan,0.4692,Benar,0.9939
2026-06-01T17:03:36.328138,Kombinasi Kanan,0.4597,Benar,0.7583
2026-06-01T17:03:36.922626,Kombinasi Kanan,0.4422,Benar,0.7237
2026-06-01T17:03:42.817499,Kombinasi Kanan,0.6009,Benar,0.8495
2026-06-01T17:03:43.409249,Kombinasi Kanan,0.5591,Benar,0.9632
2026-06-01T17:03:43.982545,Kombinasi Kanan,0.5618,Benar,0.9513
2026-06-01T17:03:44.546508,Kombinasi Kanan,0.5884,Benar,0.6134
2026-06-01T17:03:55.955733,Kombinasi Kiri,0.4071,Benar,1.0
2026-06-01T17:04:05.087556,Jep Kiri,0.4273,Benar,0.8534
2026-06-01T17:04:07.377977,Kombinasi Kanan,0.4194,Benar,0.9414
2026-06-01T17:04:07.946697,Kombinasi Kanan,0.5437,Benar,0.9957
2026-06-01T17:04:08.519331,Tangkisan Kanan,0.4207,Benar,0.5
2026-06-01T17:04:09.101088,Tangkisan Kanan,0.4395,Benar,0.5
2026-06-01T17:04:10.261492,Kombinasi Kanan,0.4838,Benar,0.9558
2026-06-01T17:04:11.979067,Kombinasi Kanan,0.6094,Benar,0.985
2026-06-01T17:04:12.546313,Kombinasi Kanan,0.7058,Benar,0.9613
2026-06-01T17:04:13.115116,Kombinasi Kanan,0.423,Salah,0.5555
2026-06-01T17:04:23.982831,Kombinasi Kanan,0.4193,Benar,0.9474
2026-06-01T17:04:24.557557,Jep Kanan,0.4817,Salah,0.7658
2026-06-01T17:04:25.128533,Jep Kanan,0.5242,Benar,0.6453
2026-06-01T17:04:25.707694,Jep Kanan,0.4207,Benar,0.8085
2026-06-01T17:04:34.856786,Kombinasi Kanan,0.5083,Benar,0.9299
2026-06-01T17:04:35.433372,Kombinasi Kanan,0.4932,Benar,0.9347
2026-06-01T17:04:36.010620,Jep Kanan,0.5978,Benar,0.736
2026-06-01T17:04:36.581117,Jep Kanan,0.5795,Benar,0.7337
2026-06-01T17:04:40.013943,Jep Kanan,0.6243,Benar,0.7337
2026-06-01T17:04:40.601331,Jep Kanan,0.4621,Benar,0.6647
2026-06-01T17:04:41.178274,Jep Kanan,0.4713,Benar,0.7783
2026-06-01T17:04:41.753964,Jep Kanan,0.6068,Benar,0.7697
2026-06-01T17:04:42.325442,Jep Kanan,0.6204,Benar,0.774
2026-06-01T17:04:42.925064,Jep Kanan,0.5282,Salah,0.5515
2026-06-01T17:04:52.036290,Kombinasi Kanan,0.4749,Benar,0.9749
2026-06-01T17:04:52.600845,Kombinasi Kanan,0.7646,Benar,0.9792
2026-06-01T17:04:53.187815,Kombinasi Kanan,0.5924,Benar,0.9959
2026-06-01T17:04:53.762214,Kombinasi Kanan,0.4344,Salah,0.8593
2026-06-01T17:04:54.327346,Kombinasi Kanan,0.4105,Salah,0.9264
2026-06-01T17:04:57.167634,Kombinasi Kanan,0.5402,Benar,0.9719
2026-06-01T17:04:57.748375,Kombinasi Kanan,0.6162,Benar,0.9885
2026-06-01T17:04:58.308871,Kombinasi Kanan,0.502,Salah,0.9277
2026-06-01T17:05:07.413630,Kombinasi Kanan,0.5186,Benar,0.988
2026-06-01T17:05:07.990504,Kombinasi Kanan,0.5466,Benar,0.9762
2026-06-01T17:05:08.560388,Kombinasi Kanan,0.4491,Benar,0.991
2026-06-01T17:05:09.138225,Tangkisan Kanan,0.4165,Benar,0.5
2026-06-01T17:05:09.720733,Tangkisan Kanan,0.4043,Benar,0.5
2026-06-01T17:05:18.818507,Kombinasi Kanan,0.409,Benar,0.7867
2026-06-01T17:05:19.378127,Kombinasi Kanan,0.4553,Benar,0.6456
2026-06-01T17:05:19.949143,Tangkisan Kanan,0.4323,Benar,0.5
2026-06-01T17:05:20.524011,Tangkisan Kanan,0.4323,Benar,0.5
2026-06-01T17:05:28.524005,Kombinasi Kanan,0.545,Benar,0.7008
2026-06-01T17:05:29.087474,Kombinasi Kanan,0.4928,Benar,0.828
2026-06-01T17:05:31.385569,Tangkisan Kanan,0.4357,Benar,0.5
2026-06-01T17:05:31.965476,Tangkisan Kanan,0.4111,Benar,0.5
2026-06-01T17:05:33.664504,Kombinasi Kanan,0.4254,Salah,0.6511
2026-06-01T17:05:34.227391,Kombinasi Kanan,0.4182,Salah,0.6487
2026-06-01T17:05:35.912184,Tangkisan Kanan,0.413,Salah,0.5
2026-06-01T17:05:36.486335,Tangkisan Kanan,0.4057,Benar,0.5
2026-06-01T17:05:42.182911,Kombinasi Kanan,0.5245,Benar,0.8703
2026-06-01T17:05:42.749139,Kombinasi Kanan,0.5975,Benar,0.9679
2026-06-01T17:05:43.305133,Kombinasi Kanan,0.4909,Benar,0.5574
2026-06-01T17:05:43.882010,Tangkisan Kanan,0.4401,Benar,0.5
2026-06-01T17:05:44.458193,Tangkisan Kanan,0.4338,Salah,0.5
2026-06-01T17:05:45.032849,Tangkisan Kanan,0.441,Salah,0.5
2026-06-01T17:05:45.611820,Tangkisan Kanan,0.4576,Salah,0.5
2026-06-01T17:05:46.181476,Tangkisan Kanan,0.4583,Benar,0.5
2026-06-01T17:05:46.766328,Tangkisan Kanan,0.4728,Benar,0.5
2026-06-01T17:05:48.470256,Kombinasi Kiri,0.42,Benar,1.0
2026-06-01T17:05:55.336105,Kombinasi Kanan,0.497,Benar,0.9669
2026-06-01T17:05:55.911819,Kombinasi Kanan,0.418,Benar,0.9648
2026-06-01T17:05:59.912273,Kombinasi Kanan,0.4085,Benar,0.9669
2026-06-01T17:06:03.958396,Tangkisan Kiri,0.4222,Benar,0.8133
2026-06-01T17:06:15.955513,Kombinasi Kanan,0.5948,Benar,0.9821
2026-06-01T17:06:16.517882,Kombinasi Kanan,0.6744,Benar,0.9864
2026-06-01T17:06:17.092255,Kombinasi Kanan,0.6744,Benar,0.9864
2026-06-01T17:06:17.649423,Kombinasi Kanan,0.6744,Benar,0.9864
2026-06-01T17:06:18.208188,Kombinasi Kanan,0.6744,Benar,0.9864
2026-06-01T17:06:18.789902,Kombinasi Kanan,0.6744,Benar,0.9864
2026-06-01T17:06:19.347820,Kombinasi Kanan,0.6744,Benar,0.9864
2026-06-01T17:06:19.915991,Kombinasi Kanan,0.6744,Benar,0.9864
2026-06-01T17:06:20.484834,Kombinasi Kanan,0.6744,Benar,0.9864
2026-06-01T17:06:21.081130,Kombinasi Kanan,0.666,Benar,0.9711
2026-06-01T17:06:21.658505,Kombinasi Kanan,0.5949,Benar,0.9737
2026-06-01T17:06:31.934819,Kombinasi Kanan,0.5103,Benar,0.8921
2026-06-01T17:06:32.500904,Kombinasi Kanan,0.7831,Benar,0.9748
2026-06-01T17:06:33.077927,Kombinasi Kanan,0.7179,Benar,0.9522
2026-06-01T17:06:34.235959,Tangkisan Kanan,0.4111,Benar,0.5
2026-06-01T17:06:34.810721,Tangkisan Kanan,0.4187,Benar,0.5
2026-06-01T17:06:35.372345,Tangkisan Kanan,0.4323,Benar,0.5
2026-06-01T17:06:35.964339,Kombinasi Kanan,0.4066,Salah,0.8795
2026-06-01T17:06:39.964709,Kombinasi Kanan,0.6068,Benar,0.9472
2026-06-01T17:06:40.539168,Kombinasi Kanan,0.6911,Benar,0.9931
2026-06-01T17:06:41.106221,Kombinasi Kanan,0.6548,Benar,0.7118
2026-06-01T17:06:41.688030,Kombinasi Kanan,0.5757,Salah,0.8884
2026-06-01T17:06:42.252983,Tangkisan Kanan,0.4034,Salah,0.5
2026-06-01T17:06:44.571803,Kombinasi Kanan,0.4555,Benar,0.8685
2026-06-01T17:06:45.148197,Kombinasi Kanan,0.4525,Benar,0.9622
2026-06-01T17:06:48.577601,Kombinasi Kiri,0.403,Benar,1.0
2026-06-01T17:06:49.159776,Kombinasi Kiri,0.407,Benar,1.0
2026-06-01T17:06:51.476065,Tangkisan Kiri,0.5317,Benar,0.5521
2026-06-01T17:06:52.052065,Tangkisan Kiri,0.5662,Benar,0.5519
2026-06-01T17:06:52.615211,Jep Kiri,0.4425,Benar,0.9374
2026-06-01T17:06:53.182079,Jep Kiri,0.4291,Benar,0.6846
2026-06-01T17:06:53.767421,Tangkisan Kiri,0.4263,Benar,0.5632
2026-06-01T17:07:14.302329,Tangkisan Kiri,0.5307,Benar,0.8321
2026-06-01T17:07:14.878550,Tangkisan Kiri,0.5246,Benar,0.8232
2026-06-01T17:07:15.471066,Jep Kiri,0.4233,Benar,0.6446
2026-06-01T17:07:20.053197,Tangkisan Kiri,0.5924,Benar,0.8315
2026-06-01T17:07:20.624546,Tangkisan Kiri,0.5647,Benar,0.8256
2026-06-01T17:07:25.781898,Jep Kiri,0.4022,Benar,0.7864
2026-06-01T17:07:29.211797,Jep Kiri,0.6135,Salah,0.602
2026-06-01T17:07:29.781160,Jep Kiri,0.6317,Salah,0.5671
2026-06-01T17:07:36.033911,Jep Kiri,0.4852,Benar,0.7219
2026-06-01T17:07:36.592401,Jep Kiri,0.437,Benar,0.5828
2026-06-01T17:07:37.158237,Jep Kiri,0.437,Benar,0.5828
2026-06-01T17:07:37.731325,Tangkisan Kiri,0.4065,Benar,0.8315
2026-06-01T17:07:38.295875,Tangkisan Kiri,0.7039,Salah,0.7572
2026-06-01T17:07:38.871114,Tangkisan Kiri,0.7478,Salah,0.7573
2026-06-01T17:07:39.434465,Kombinasi Kiri,0.4966,Benar,0.7854
2026-06-01T17:07:40.010772,Kombinasi Kiri,0.436,Benar,0.9694
2026-06-01T17:07:53.186537,Tangkisan Kiri,0.5505,Salah,0.5
2026-06-01T17:07:53.762715,Tangkisan Kiri,0.7165,Benar,0.5566
2026-06-01T17:07:54.338405,Tangkisan Kiri,0.495,Salah,0.7488
2026-06-01T17:07:54.917279,Kombinasi Kiri,0.4567,Salah,0.9229
2026-06-01T17:08:02.290744,Tangkisan Kiri,0.7776,Benar,0.5519
2026-06-01T17:08:02.872351,Tangkisan Kiri,0.7576,Benar,0.5519
2026-06-01T17:08:04.017685,Kombinasi Kiri,0.4808,Salah,0.8597
2026-06-01T17:08:04.579997,Kombinasi Kiri,0.4616,Salah,0.5725
2026-06-01T17:08:09.183175,Tangkisan Kiri,0.6569,Benar,0.5518
2026-06-01T17:08:09.764953,Tangkisan Kiri,0.6398,Salah,0.7402
2026-06-01T17:08:10.350718,Jep Kiri,0.4372,Salah,0.5304
2026-06-01T17:08:17.769092,Tangkisan Kiri,0.5377,Benar,0.5629
2026-06-01T17:08:18.349956,Tangkisan Kiri,0.6148,Benar,0.5519
2026-06-01T17:08:18.920062,Tangkisan Kiri,0.7175,Benar,0.5519
2026-06-01T17:08:19.484801,Tangkisan Kiri,0.7296,Benar,0.5519
2026-06-01T17:08:22.335378,Tangkisan Kiri,0.4652,Salah,0.5969
2026-06-01T17:08:22.920702,Kombinasi Kiri,0.4505,Benar,0.9788
2026-06-01T17:08:26.882227,Tangkisan Kiri,0.6172,Benar,0.6527
2026-06-01T17:08:27.459701,Tangkisan Kiri,0.6971,Benar,0.5521
2026-06-01T17:08:28.042165,Tangkisan Kiri,0.7158,Benar,0.5633
2026-06-01T17:08:28.605417,Tangkisan Kiri,0.605,Benar,0.5633
2026-06-01T17:08:31.457852,Kombinasi Kiri,0.5327,Benar,0.8728
2026-06-01T17:08:32.038796,Tangkisan Kiri,0.5409,Salah,0.7566
2026-06-01T17:08:55.978012,Tangkisan Kiri,0.4537,Benar,0.5633
2026-06-01T17:08:56.556587,Tangkisan Kiri,0.5007,Benar,0.8255
2026-06-01T17:08:57.127643,Tangkisan Kiri,0.6698,Salah,0.7573
2026-06-01T17:08:57.699260,Tangkisan Kiri,0.4999,Salah,0.7488
2026-06-01T17:08:58.270481,Jep Kiri,0.4753,Benar,0.5581
2026-06-01T17:09:01.704045,Tangkisan Kiri,0.4605,Benar,0.5696
2026-06-01T17:09:02.292266,Tangkisan Kiri,0.5341,Benar,0.5854
2026-06-01T17:09:02.884336,Tangkisan Kiri,0.6346,Salah,0.7488
2026-06-01T17:09:03.457753,Tangkisan Kiri,0.6671,Benar,0.5633
2026-06-01T17:09:04.037201,Tangkisan Kiri,0.428,Salah,0.7488
2026-06-01T17:09:10.312238,Tangkisan Kiri,0.5846,Benar,0.6371
2026-06-01T17:09:10.887457,Tangkisan Kiri,0.6451,Benar,0.5633
2026-06-01T17:09:12.043782,Kombinasi Kiri,0.4275,Benar,1.0
2026-06-01T17:09:15.466113,Kombinasi Kiri,0.4695,Benar,0.5423
2026-06-01T17:09:16.048148,Kombinasi Kiri,0.457,Benar,0.5154
2026-06-01T17:09:22.918211,Tangkisan Kiri,0.5775,Benar,0.7978
2026-06-01T17:09:23.482990,Tangkisan Kiri,0.5678,Benar,0.5428
2026-06-01T17:09:24.063825,Tangkisan Kiri,0.4837,Salah,0.7504
2026-06-01T17:09:24.640068,Kombinasi Kiri,0.4256,Salah,0.8665
2026-06-01T17:09:28.103168,Kombinasi Kiri,0.4006,Benar,1.0
2026-06-01T17:09:28.689542,Tangkisan Kiri,0.4461,Benar,0.5519
2026-06-01T17:10:04.564119,Tangkisan Kiri,0.5424,Benar,0.5519
2026-06-01T17:10:05.148419,Tangkisan Kiri,0.5396,Benar,0.5519
2026-06-01T17:10:07.448700,Tangkisan Kiri,0.4558,Benar,0.5519
2026-06-01T17:10:08.037422,Tangkisan Kiri,0.5302,Benar,0.5633
2026-06-01T17:10:08.630490,Tangkisan Kiri,0.4073,Salah,0.7573
2026-06-01T17:10:09.215181,Tangkisan Kiri,0.4146,Benar,0.5519
2026-06-01T17:10:09.792218,Tangkisan Kiri,0.403,Salah,0.741
2026-06-01T17:10:17.793408,Kombinasi Kiri,0.4077,Benar,1.0
2026-06-01T17:10:24.076413,Kombinasi Kanan,0.4228,Benar,0.777
2026-06-01T17:10:28.700525,Jep Kanan,0.4081,Benar,0.7181
2026-06-01T17:10:32.709479,Kombinasi Kanan,0.5047,Benar,0.9577
2026-06-01T17:10:33.274939,Kombinasi Kanan,0.5468,Benar,0.9776
2026-06-01T17:10:34.419126,Jep Kanan,0.4722,Benar,0.765
2026-06-01T17:10:34.993763,Jep Kanan,0.4204,Benar,0.7532
2026-06-01T17:10:35.586284,Tangkisan Kanan,0.4038,Salah,0.5
2026-06-01T17:11:16.847239,Kombinasi Kanan,0.4298,Benar,0.8747
2026-06-01T17:11:17.426946,Kombinasi Kanan,0.4665,Benar,0.8819
2026-06-01T17:11:17.993168,Kombinasi Kanan,0.4124,Salah,0.9666
2026-06-01T17:11:22.024626,Kombinasi Kanan,0.4269,Benar,0.5335
2026-06-01T17:11:23.162809,Jep Kanan,0.4178,Benar,0.7242
2026-06-01T17:11:26.615546,Kombinasi Kanan,0.4537,Salah,0.8858
2026-06-01T17:11:27.193732,Kombinasi Kanan,0.442,Salah,0.8558
2026-06-01T17:11:28.920551,Jep Kanan,0.481,Salah,0.7834
2026-06-01T17:11:34.063335,Jep Kanan,0.4347,Salah,0.5872
2026-06-01T17:11:34.629434,Jep Kanan,0.4047,Benar,0.9108
2026-06-01T17:11:43.233704,Kombinasi Kanan,0.4441,Benar,0.9616
2026-06-01T17:11:47.838794,Kombinasi Kanan,0.4027,Salah,0.6383
2026-06-01T17:11:50.176233,Jep Kanan,0.4521,Salah,0.6246
2026-06-01T17:11:50.739966,Jep Kanan,0.4131,Benar,0.8503
2026-06-01T17:11:54.708293,Kombinasi Kanan,0.4659,Benar,0.7981
2026-06-01T17:11:57.552361,Jep Kanan,0.4064,Salah,0.5822
2026-06-01T17:11:58.127971,Jep Kanan,0.4279,Benar,0.7773
2026-06-01T17:11:58.709518,Jep Kanan,0.4045,Salah,0.8075
2026-06-01T17:12:07.235445,Tangkisan Kiri,0.4531,Salah,0.7573
2026-06-01T17:12:07.805810,Tangkisan Kiri,0.5145,Benar,0.5519
2026-06-01T17:12:42.214270,Jep Kanan,0.4095,Benar,0.7181
2026-06-01T17:13:08.129527,Kombinasi Kiri,0.5063,Salah,0.983
2026-06-01T17:13:21.595504,Kombinasi Kiri,0.4349,Benar,1.0
2026-06-01T17:13:22.177276,Kombinasi Kiri,0.4155,Benar,1.0
2026-06-01T17:13:27.476174,Jep Kanan,0.5229,Salah,0.7827
2026-06-01T17:13:50.233723,Kombinasi Kanan,0.5071,Benar,0.9919
2026-06-01T17:13:50.826024,Kombinasi Kanan,0.5414,Benar,0.99
2026-06-01T17:13:51.414159,Tangkisan Kanan,0.4036,Benar,0.5
2026-06-01T17:13:51.999790,Tangkisan Kanan,0.459,Benar,0.5
2026-06-01T17:13:52.578494,Tangkisan Kanan,0.4043,Benar,0.5
2026-06-01T17:14:13.000264,Kombinasi Kanan,0.6038,Benar,0.9903
2026-06-01T17:14:13.583534,Kombinasi Kanan,0.5331,Benar,0.995
2026-06-01T17:14:14.740737,Tangkisan Kanan,0.4286,Salah,0.5
2026-06-01T17:14:15.335081,Tangkisan Kanan,0.4348,Salah,0.5
2026-06-01T17:14:15.934480,Kombinasi Kanan,0.4221,Salah,0.7038
2026-06-01T17:14:32.885550,Kombinasi Kanan,0.4477,Benar,0.991
2026-06-01T17:14:33.450170,Kombinasi Kanan,0.6067,Benar,0.972
2026-06-01T17:14:34.042939,Kombinasi Kanan,0.5127,Benar,0.9926
2026-06-01T17:14:34.629815,Tangkisan Kanan,0.4611,Benar,0.5
2026-06-01T17:14:35.214057,Tangkisan Kanan,0.4206,Benar,0.5
2026-06-01T17:15:03.246512,Kombinasi Kanan,0.4577,Salah,0.5051
2026-06-01T17:15:03.829843,Kombinasi Kanan,0.7533,Benar,0.9873
2026-06-01T17:15:04.419985,Kombinasi Kanan,0.6973,Benar,0.8789
2026-06-01T17:15:05.004096,Jep Kanan,0.4981,Benar,0.7181
2026-06-01T17:15:09.656803,Kombinasi Kanan,0.6417,Benar,0.8066
2026-06-01T17:15:10.251630,Kombinasi Kanan,0.8917,Benar,0.9438
2026-06-01T17:15:10.844079,Kombinasi Kanan,0.7576,Benar,0.5434
2026-06-01T17:15:15.536594,Kombinasi Kanan,0.6204,Benar,0.8225
2026-06-01T17:15:16.134967,Kombinasi Kanan,0.6765,Salah,0.5086
2026-06-01T17:15:16.713686,Kombinasi Kanan,0.5391,Salah,0.8744
2026-06-01T17:15:17.300826,Kombinasi Kanan,0.5391,Salah,0.8744
2026-06-01T17:15:26.634542,Kombinasi Kiri,0.4131,Benar,1.0
2026-06-01T17:15:27.220908,Kombinasi Kiri,0.4002,Benar,1.0
2026-06-01T17:15:28.986094,Kombinasi Kiri,0.4242,Benar,1.0
2026-06-01T17:15:29.564040,Kombinasi Kiri,0.4151,Benar,1.0
2026-06-01T17:15:51.144616,Tangkisan Kiri,0.533,Benar,0.7974
2026-06-01T17:15:51.736175,Tangkisan Kiri,0.5326,Benar,0.8152
2026-06-01T17:15:57.603170,Tangkisan Kiri,0.4242,Benar,0.8188
2026-06-01T17:16:04.667815,Kombinasi Kiri,0.4075,Benar,1.0
2026-06-01T17:16:05.244142,Kombinasi Kiri,0.4176,Benar,1.0
2026-06-01T17:16:14.596858,Tangkisan Kiri,0.4474,Benar,0.5633
2026-06-01T17:16:15.775753,Tangkisan Kiri,0.4102,Benar,0.551
2026-06-01T17:16:18.664968,Tangkisan Kiri,0.4795,Benar,0.5618
2026-06-01T17:16:22.186484,Tangkisan Kiri,0.4703,Benar,0.8226
2026-06-01T17:16:22.770672,Tangkisan Kiri,0.4215,Benar,0.8256
2026-06-01T17:16:23.358772,Jep Kiri,0.567,Benar,0.8192
2026-06-01T17:16:23.922679,Jep Kiri,0.5829,Salah,0.514
2026-06-01T17:16:24.501953,Jep Kiri,0.5829,Salah,0.514
2026-06-01T17:16:25.082881,Jep Kiri,0.5829,Salah,0.514
2026-06-01T17:16:27.438806,Tangkisan Kiri,0.5534,Benar,0.6024
2026-06-01T17:16:28.011206,Kombinasi Kiri,0.4483,Benar,0.7073
2026-06-01T17:16:32.114574,Kombinasi Kiri,0.4092,Benar,1.0
2026-06-01T17:16:43.731315,Tangkisan Kiri,0.5118,Benar,0.8312
2026-06-01T17:16:44.336575,Tangkisan Kiri,0.4857,Benar,0.8258
2026-06-01T17:16:46.101455,Tangkisan Kiri,0.4068,Benar,0.7631
2026-06-01T17:16:49.576624,Tangkisan Kiri,0.541,Benar,0.8313
2026-06-01T17:16:50.167079,Tangkisan Kiri,0.4779,Benar,0.8256
2026-06-01T17:16:50.759535,Jep Kiri,0.4678,Benar,0.8758
2026-06-01T17:16:51.334953,Jep Kiri,0.4091,Benar,0.5683
2026-06-01T17:17:07.728130,Tangkisan Kiri,0.5223,Benar,0.5588
2026-06-01T17:17:08.316709,Tangkisan Kiri,0.4856,Salah,0.7275
2026-06-01T17:17:13.550048,Tangkisan Kiri,0.4661,Benar,0.7713
2026-06-01T17:17:14.126688,Tangkisan Kiri,0.4998,Benar,0.5546
2026-06-01T17:17:17.604350,Tangkisan Kiri,0.5208,Benar,0.8312
2026-06-01T17:17:18.199815,Tangkisan Kiri,0.5715,Benar,0.8256
2026-06-01T17:17:23.390563,Tangkisan Kiri,0.4629,Benar,0.8227
2026-06-01T17:17:23.977432,Jep Kiri,0.4453,Benar,0.6887
2026-06-01T17:17:24.566628,Jep Kiri,0.4829,Salah,0.5713
2026-06-01T17:17:40.909721,Tangkisan Kiri,0.4434,Salah,0.7573
2026-06-01T17:17:52.570329,Tangkisan Kiri,0.6353,Salah,0.7573
2026-06-01T17:17:53.155011,Tangkisan Kiri,0.6163,Salah,0.7573
2026-06-01T17:17:53.736916,Tangkisan Kiri,0.4175,Benar,0.8222
2026-06-01T17:17:54.322978,Kombinasi Kiri,0.4817,Benar,0.5285
2026-06-01T17:18:17.736194,Tangkisan Kiri,0.6044,Benar,0.5644
2026-06-01T17:18:18.328144,Tangkisan Kiri,0.8179,Benar,0.5633
2026-06-01T17:18:18.926157,Tangkisan Kiri,0.7309,Benar,0.5633
2026-06-01T17:18:19.512545,Tangkisan Kiri,0.4469,Salah,0.7488
2026-06-01T17:18:20.103921,Kombinasi Kiri,0.4705,Salah,0.6698
2026-06-01T17:18:20.695529,Tangkisan Kiri,0.4733,Benar,0.8249
2026-06-01T17:18:23.653283,Kombinasi Kiri,0.4236,Benar,1.0
2026-06-01T17:18:27.768466,Tangkisan Kiri,0.5543,Benar,0.5924
2026-06-01T17:18:28.364688,Tangkisan Kiri,0.661,Benar,0.7879
2026-06-01T17:18:28.952905,Tangkisan Kiri,0.5342,Benar,0.5633
2026-06-01T17:18:29.543089,Tangkisan Kiri,0.642,Salah,0.7488
2026-06-01T17:18:30.137156,Kombinasi Kiri,0.4718,Salah,0.8988
2026-06-01T17:18:38.325366,Tangkisan Kiri,0.6732,Salah,0.7573
2026-06-01T17:18:38.918878,Tangkisan Kiri,0.5835,Benar,0.6109
2026-06-01T17:18:39.518361,Tangkisan Kiri,0.4759,Benar,0.8201
2026-06-01T17:18:40.095815,Tangkisan Kiri,0.5642,Salah,0.7573
2026-06-01T17:18:40.681632,Tangkisan Kiri,0.674,Benar,0.5519
2026-06-01T17:18:41.273072,Tangkisan Kiri,0.5279,Benar,0.5519
2026-06-01T17:18:43.654882,Tangkisan Kiri,0.5945,Benar,0.5519
2026-06-01T17:18:44.236073,Tangkisan Kiri,0.7204,Salah,0.7573
2026-06-01T17:18:44.814432,Tangkisan Kiri,0.5148,Salah,0.5347
2026-06-01T17:18:45.407949,Tangkisan Kiri,0.5959,Salah,0.7573
2026-06-01T17:18:45.993210,Tangkisan Kiri,0.5192,Benar,0.5519
2026-06-01T17:18:47.182251,Tangkisan Kiri,0.4005,Benar,0.5519
2026-06-01T17:18:50.129636,Tangkisan Kiri,0.4062,Salah,0.7568
2026-06-01T17:18:50.706175,Tangkisan Kiri,0.4182,Salah,0.7567
2026-06-01T17:19:14.634359,Tangkisan Kiri,0.7631,Benar,0.5519
2026-06-01T17:19:15.222222,Tangkisan Kiri,0.5756,Benar,0.8208
2026-06-01T17:19:15.795629,Tangkisan Kiri,0.4296,Salah,0.7081
2026-06-01T17:19:16.370975,Kombinasi Kiri,0.4294,Benar,0.6988
2026-06-01T17:19:16.948788,Tangkisan Kiri,0.4714,Salah,0.7573
2026-06-01T17:19:17.536140,Kombinasi Kiri,0.4059,Benar,1.0
2026-06-01T17:19:21.637409,Tangkisan Kiri,0.5321,Benar,0.5643
2026-06-01T17:19:22.229968,Tangkisan Kiri,0.6419,Benar,0.5635
2026-06-01T17:19:22.823212,Tangkisan Kiri,0.68,Benar,0.5633
2026-06-01T17:19:23.399662,Tangkisan Kiri,0.6476,Salah,0.5235
2026-06-01T17:19:24.010142,Tangkisan Kiri,0.5728,Benar,0.5569
2026-06-01T17:19:24.584698,Tangkisan Kiri,0.4911,Benar,0.8148
2026-06-01T17:19:27.478950,Tangkisan Kiri,0.4551,Salah,0.659
2026-06-01T17:19:28.074797,Tangkisan Kiri,0.6124,Benar,0.8181
2026-06-01T17:19:28.665682,Tangkisan Kiri,0.6731,Benar,0.5633
2026-06-01T17:19:29.241461,Tangkisan Kiri,0.6008,Benar,0.5633
2026-06-01T17:19:29.832154,Kombinasi Kiri,0.4722,Benar,0.5323
2026-06-01T17:19:30.422579,Kombinasi Kiri,0.463,Salah,0.9931
2026-06-01T17:19:39.241035,Tangkisan Kiri,0.4295,Benar,0.5519
2026-06-01T17:19:41.575060,Tangkisan Kiri,0.453,Benar,0.8141
2026-06-01T17:19:42.173092,Tangkisan Kiri,0.4037,Salah,0.7573
2026-06-01T17:19:45.082839,Tangkisan Kiri,0.6285,Benar,0.6077
2026-06-01T17:19:45.675450,Tangkisan Kiri,0.7733,Benar,0.5633
2026-06-01T17:19:46.254079,Tangkisan Kiri,0.6214,Benar,0.5633
2026-06-01T17:19:46.847950,Tangkisan Kiri,0.6073,Salah,0.7573
2026-06-01T17:19:47.428018,Tangkisan Kiri,0.4598,Benar,0.8222
2026-06-01T17:19:50.901339,Tangkisan Kiri,0.5121,Benar,0.5993
2026-06-01T17:19:51.482843,Tangkisan Kiri,0.6307,Benar,0.5644
2026-06-01T17:19:52.071376,Tangkisan Kiri,0.7237,Benar,0.5633
2026-06-01T17:19:52.673580,Tangkisan Kiri,0.6891,Benar,0.5633
2026-06-01T17:19:54.991451,Kombinasi Kiri,0.4778,Salah,0.9464
2026-06-01T17:19:55.573958,Kombinasi Kiri,0.4074,Benar,0.5136
2026-06-01T17:20:06.625429,Tangkisan Kiri,0.5293,Benar,0.5633
2026-06-01T17:20:07.193976,Tangkisan Kiri,0.6048,Benar,0.8311
2026-06-01T17:20:07.778116,Tangkisan Kiri,0.5924,Benar,0.5633
2026-06-01T17:20:08.363240,Tangkisan Kiri,0.6122,Benar,0.5633
2026-06-01T17:20:08.958036,Tangkisan Kiri,0.4324,Salah,0.7487
2026-06-01T17:20:09.549479,Kombinasi Kiri,0.5104,Benar,0.5
2026-06-01T17:20:10.131823,Tangkisan Kiri,0.479,Benar,0.8261
2026-06-01T17:20:38.228461,Jep Kanan,0.4021,Benar,0.7915
2026-06-01T17:20:38.811723,Jep Kanan,0.4816,Benar,0.9378
2026-06-01T17:20:39.411200,Jep Kanan,0.441,Benar,0.5079
2026-06-01T17:20:42.313151,Jep Kiri,0.5333,Benar,0.8817
2026-06-01T17:20:47.549378,Jep Kanan,0.5629,Salah,0.7833
2026-06-01T17:20:48.148733,Jep Kanan,0.5617,Salah,0.7073
2026-06-01T17:20:49.340223,Jep Kanan,0.4928,Benar,0.7338
2026-06-01T17:20:49.904488,Kombinasi Kanan,0.7483,Salah,0.8344
2026-06-01T17:20:50.499898,Kombinasi Kanan,0.7616,Benar,0.9073
2026-06-01T17:20:51.089956,Jep Kiri,0.4642,Benar,0.6883
2026-06-01T17:20:51.663523,Jep Kiri,0.5217,Benar,0.6308
2026-06-01T17:20:52.246960,Jep Kiri,0.4682,Benar,0.5623
2026-06-01T17:20:55.711910,Jep Kiri,0.4239,Salah,0.9493
2026-06-01T17:20:57.461172,Jep Kiri,0.4187,Salah,0.5
2026-06-01T17:20:59.780808,Jep Kanan,0.4034,Salah,0.6067
2026-06-01T17:21:00.373655,Jep Kanan,0.4939,Salah,0.6149
2026-06-01T17:21:06.794130,Jep Kiri,0.4011,Salah,0.8908
2026-06-01T17:21:07.374796,Jep Kiri,0.5132,Salah,0.8769
2026-06-01T17:21:09.685379,Jep Kiri,0.5038,Benar,0.6883
2026-06-01T17:21:11.432899,Jep Kiri,0.4891,Benar,0.6501
2026-06-01T17:21:12.019976,Jep Kiri,0.4891,Benar,0.6501
2026-06-01T17:21:19.624916,Kombinasi Kanan,0.4445,Benar,0.989
